trade_id,stock_symbol,quantity,purchase_price,sale_price,purchase_date,sale_date,profit,transaction_type,broker_name
1,STRT,3923,238.64,22.34,3/3/2003,7/6/2005,-216.3,Buy,Snaptags
2,PSCD,3626,404.09,135.39,8/19/2010,6/19/2016,-268.7,Buy,Buzzdog
3,GSOL,4772,132.33,352.08,3/9/2012,11/24/2017,219.75,Buy,Kwilith
4,BANFP,3815,296.47,15.7,2/1/2004,1/16/2003,-280.77,Sell,Wordpedia
5,ZAGG,2302,978.37,304.99,11/10/2005,12/12/2003,-673.38,Buy,Skiptube
6,SNDR,8057,280.06,817.27,5/26/2002,12/6/2021,537.21,Sell,Oyonder
7,TAL,2516,922.27,366.72,10/11/2015,7/25/2012,-555.55,Buy,Centizu
8,RYAM,866,545.34,85.13,7/24/2022,1/13/2004,-460.21,Sell,Trudeo
9,MIME,8319,696.45,129.37,10/9/2001,3/21/2021,-567.08,Buy,Mynte
10,REV,8677,333.76,880.43,4/11/2009,8/17/2015,546.67,Buy,Wikizz
11,KKR^B,6943,659.36,755.14,7/10/2007,12/15/2017,95.78,Sell,Buzzbean
12,PFD,459,737.95,698.03,7/4/2021,1/3/2010,-39.92,Sell,Chatterbridge
13,GDO,7452,851.32,129.14,10/24/2011,4/30/2014,-722.18,Buy,Flipopia
14,NSC,7100,588.7,897.61,8/6/2013,1/27/2020,308.91,Sell,Bubbletube
15,ABUS,6361,417.44,665.16,12/15/2022,12/15/2017,247.72,Buy,Gevee
16,ULBI,533,943.12,215.19,12/8/2013,12/4/2013,-727.93,Buy,Topicstorm
17,NYV,7610,106.06,408.47,4/11/2018,8/3/2009,302.41,Sell,Chatterbridge
18,SU,5376,532.5,67.7,3/5/2020,3/7/2003,-464.8,Buy,Devpulse
19,TSBK,507,878.44,447.73,12/25/2007,11/13/2003,-430.71,Sell,Skilith
20,PPIH,8556,837.54,764.0,9/22/2012,10/8/2021,-73.54,Buy,Tagtune
21,UIS,7256,105.51,573.63,9/2/2022,3/9/2005,468.12,Sell,Fivespan
22,QEP,2421,395.55,206.69,8/29/2020,5/23/2022,-188.86,Buy,Yodoo
23,ETJ,9250,410.78,371.32,7/9/2012,9/16/2008,-39.46,Buy,Divanoodle
24,DZSI,442,38.55,438.25,12/6/2012,5/25/2002,399.7,Buy,Abatz
25,TMUSP,3624,840.89,587.24,4/7/2009,8/1/2016,-253.65,Buy,Dynabox
26,ROBO,9820,285.7,610.61,8/11/2006,12/12/2018,324.91,Buy,Shuffledrive
27,LALT,5738,56.41,109.88,1/23/2008,10/20/2015,53.47,Buy,Bubbletube
28,MRDN,8839,651.88,755.47,11/10/2008,9/2/2001,103.59,Buy,Twitterlist
29,AKO.A,877,4.52,597.04,10/27/2003,5/22/2019,592.52,Buy,Yabox
30,CTV,7150,520.14,683.73,5/17/2022,11/8/2010,163.59,Buy,Oyoba
31,MDT,9884,469.28,905.32,3/27/2011,3/8/2009,436.04,Buy,Jazzy
32,OPXA,7869,924.39,392.38,3/1/2019,4/10/2011,-532.01,Sell,Mudo
33,PLOW,8549,163.43,450.35,1/15/2017,12/15/2004,286.92,Buy,Vinder
34,INBKL,878,951.94,248.72,4/20/2007,9/20/2009,-703.22,Sell,Topicshots
35,ACAD,6618,935.01,771.64,11/20/2012,4/23/2009,-163.37,Buy,Ntags
36,HESM,327,894.97,309.77,6/8/2012,2/6/2007,-585.2,Buy,Wordpedia
37,SEP,5262,468.94,744.8,1/28/2016,6/29/2006,275.86,Buy,Ntags
38,MUR,5117,251.28,33.72,9/23/2005,1/16/2022,-217.56,Sell,Topdrive
39,CSF,6641,984.48,428.61,5/8/2008,7/29/2021,-555.87,Buy,Buzzster
40,ISF,4768,828.76,205.33,8/12/2019,2/1/2007,-623.43,Buy,Cogidoo
41,SAMG,185,258.44,328.91,7/10/2006,2/26/2007,70.47,Sell,Zoomcast
42,MILN,213,785.0,325.88,5/14/2021,5/4/2022,-459.12,Buy,Thoughtworks
43,IGR,6801,319.68,13.25,1/10/2000,12/14/2022,-306.43,Sell,Devbug
44,GSM,9775,932.48,433.41,6/11/2016,3/24/2000,-499.07,Sell,Photofeed
45,RFI,3300,149.67,981.32,2/20/2012,8/7/2020,831.65,Sell,Snaptags
46,SUPN,7695,42.89,740.49,5/26/2003,1/17/2012,697.6,Sell,Devpulse
47,FIX,2491,581.4,894.2,2/27/2022,11/17/2014,312.8,Buy,Skippad
48,HALO,6597,63.17,731.93,10/16/2016,12/11/2014,668.76,Buy,Topicshots
49,COR^A,8099,843.83,627.12,7/25/2007,3/30/2003,-216.71,Buy,Eire
50,WSR,3267,315.49,741.86,1/15/2016,3/12/2008,426.37,Buy,Quaxo
51,MSA,5424,848.93,402.93,9/24/2001,5/28/2007,-446.0,Sell,Rhycero
52,ABC,7978,961.58,392.1,8/22/2002,5/28/2012,-569.48,Sell,Avamba
53,LEJU,31,393.67,634.42,10/23/2020,4/9/2014,240.75,Sell,Youtags
54,CMCM,7119,828.58,256.81,4/18/2020,12/17/2005,-571.77,Sell,Eabox
55,BKN,773,170.4,688.08,10/31/2003,4/26/2021,517.68,Buy,Devpoint
56,WMGIZ,207,387.24,860.01,12/6/2017,2/16/2019,472.77,Sell,Kwinu
57,STT^G,2114,304.65,870.33,10/4/2021,9/13/2017,565.68,Buy,Babblestorm
58,UBNK,5064,323.02,405.26,12/16/2014,6/22/2015,82.24,Sell,Aivee
59,WUBA,6932,508.05,72.61,5/18/2012,2/19/2006,-435.44,Buy,Shufflebeat
60,EIG,4155,923.19,161.11,11/4/2017,1/21/2009,-762.08,Sell,Tagfeed
61,BBY,1204,756.48,910.08,9/27/2022,8/20/2021,153.6,Buy,Aivee
62,NP,9249,450.8,588.86,2/13/2001,2/3/2021,138.06,Buy,Abatz
63,PSCT,1531,648.01,453.62,12/22/2003,12/20/2016,-194.39,Buy,Devshare
64,AVD,2419,779.53,764.4,8/24/2016,9/20/2004,-15.13,Buy,Podcat
65,ABY,8408,796.9,467.71,8/26/2020,6/5/2016,-329.19,Sell,Skyndu
66,DS,4439,873.86,543.53,12/18/2017,2/2/2006,-330.33,Buy,Skidoo
67,CBL^D,3848,789.29,970.19,1/13/2022,4/12/2008,180.9,Buy,LiveZ
68,GSHT,5853,291.14,538.67,5/21/2011,11/10/2015,247.53,Buy,Fadeo
69,SSW^H,8894,115.33,501.78,3/14/2019,2/20/2004,386.45,Sell,Cogibox
70,RFIL,7121,853.94,813.54,8/14/2021,1/2/2022,-40.4,Buy,Fadeo
71,ZIONW,5223,618.72,996.09,8/31/2019,6/2/2004,377.37,Sell,Oyonder
72,I,7283,227.54,649.52,1/27/2017,2/19/2008,421.98,Buy,Topicware
73,NIHD,5165,275.58,101.49,11/12/2022,7/6/2005,-174.09,Buy,Gigashots
74,BGY,5450,610.12,360.97,2/10/2000,7/30/2021,-249.15,Sell,Skaboo
75,AGEN,8149,293.69,804.3,5/9/2008,4/27/2016,510.61,Sell,Realmix
76,QURE,9795,613.01,101.0,2/2/2005,12/28/2017,-512.01,Buy,Shuffletag
77,CYRXW,6555,373.35,559.23,3/6/2021,9/6/2012,185.88,Sell,Meeveo
78,SONA,2563,857.97,811.01,6/10/2011,8/19/2022,-46.96,Buy,Meejo
79,SIGI,659,270.61,821.37,4/15/2002,11/27/2015,550.76,Buy,Buzzbean
80,STLRU,8186,205.54,741.27,6/29/2006,2/26/2007,535.73,Buy,Ntags
81,CATB,6597,827.27,96.2,11/21/2005,11/11/2005,-731.07,Sell,Bubbletube
82,BTO,6319,564.34,884.75,7/26/2016,7/30/2003,320.41,Buy,Skyba
83,GPS,6533,171.84,59.38,2/1/2017,5/12/2003,-112.46,Buy,Oba
84,LFVN,2436,515.33,84.38,1/27/2001,6/10/2006,-430.95,Buy,Flashspan
85,JASO,6446,418.92,626.41,11/27/2009,5/7/2016,207.49,Sell,Dabtype
86,CBAY,5163,978.38,45.03,5/29/2022,8/30/2022,-933.35,Buy,Tagtune
87,OKTA,7279,292.7,966.29,2/22/2010,6/25/2003,673.59,Sell,InnoZ
88,NKX,1143,175.29,43.66,7/22/2006,1/26/2014,-131.63,Sell,Oodoo
89,KMPR,4634,458.75,72.77,11/10/2019,11/9/2022,-385.98,Sell,Oloo
90,PHX,3240,565.27,79.73,8/29/2013,9/28/2013,-485.54,Buy,Skipfire
91,MYGN,2748,771.01,534.66,6/8/2008,6/20/2022,-236.35,Buy,Aimbo
92,FNV,7906,476.55,687.29,10/21/2021,1/13/2011,210.74,Buy,Thoughtbridge
93,GNUS,6980,241.1,415.81,11/6/2017,7/15/2001,174.71,Buy,Twinder
94,CARA,2988,971.03,417.84,10/2/2008,5/25/2019,-553.19,Buy,Jabberstorm
95,TRMK,83,15.94,792.23,1/23/2006,11/8/2018,776.29,Sell,Quinu
96,DHR,6374,31.6,51.59,7/11/2015,12/4/2000,19.99,Sell,Linkbuzz
97,BOX,4793,528.31,601.61,9/25/2013,2/1/2004,73.3,Buy,Thoughtbeat
98,TLI,7644,202.75,873.96,10/14/2020,9/2/2000,671.21,Buy,Kazio
99,PBA,360,416.31,590.54,4/24/2000,11/1/2008,174.23,Buy,Trupe
100,AVAL,4538,154.42,429.28,8/18/2017,5/31/2022,274.86,Sell,Browsecat
101,BKK,8436,153.84,229.41,8/2/2017,9/19/2001,75.57,Sell,Photospace
102,WBS^E,735,991.45,159.63,10/16/2004,11/15/2001,-831.82,Sell,Lajo
103,HUBS,9392,278.3,317.64,3/4/2004,1/15/2007,39.34,Sell,Skynoodle
104,KMM,4991,695.62,73.05,2/23/2012,2/21/2006,-622.57,Sell,Tazz
105,CVCO,9349,86.1,763.36,1/28/2016,11/25/2004,677.26,Sell,Browsecat
106,GFNCP,9916,211.28,101.08,5/6/2016,8/29/2006,-110.2,Buy,Aimbo
107,CBX,4687,759.7,550.65,4/24/2022,10/28/2000,-209.05,Sell,Avavee
108,KMB,1513,826.18,219.32,9/9/2002,5/14/2018,-606.86,Buy,Youopia
109,TPIV,6809,264.83,985.01,6/28/2017,12/7/2013,720.18,Buy,JumpXS
110,FPAY,3735,888.88,71.21,7/17/2016,7/2/2015,-817.67,Buy,Photobug
111,AEUA,8863,855.2,860.18,6/10/2015,12/20/2020,4.98,Buy,Skalith
112,CBLI,125,621.28,81.56,5/15/2016,8/15/2002,-539.72,Sell,Twimm
113,RICK,2372,752.62,766.19,2/26/2014,2/25/2012,13.57,Sell,Eimbee
114,PES,7704,118.33,819.8,11/5/2014,10/30/2003,701.47,Sell,Plambee
115,PGNX,7137,18.84,706.75,7/20/2009,5/10/2003,687.91,Sell,Browsecat
116,JAX,5320,615.78,946.0,11/10/2003,7/27/2002,330.22,Buy,Yotz
117,TLLP,3744,134.0,693.52,10/20/2021,8/18/2014,559.52,Sell,Ooba
118,TRMR,2286,127.75,73.04,1/4/2005,8/28/2010,-54.71,Sell,Agivu
119,PEI^C,1463,205.88,919.98,3/8/2001,5/29/2005,714.1,Buy,Dabvine
120,BEN,6799,994.62,175.65,11/15/2014,1/14/2019,-818.97,Sell,Youspan
121,TRTN,8263,866.92,365.32,4/9/2012,2/17/2008,-501.6,Sell,Wikibox
122,HYT,191,659.07,28.87,8/28/2008,5/10/2017,-630.2,Sell,Kazu
123,SNDX,857,720.86,382.94,10/15/2016,1/24/2016,-337.92,Buy,Rhycero
124,APEI,555,37.06,269.05,5/26/2000,6/10/2010,231.99,Sell,Yambee
125,CUDA,3757,346.72,146.85,6/23/2022,9/13/2017,-199.87,Sell,Trudeo
126,WFC^Q,8415,241.13,396.23,11/16/2009,2/15/2016,155.1,Buy,Skidoo
127,ENPH,2903,741.59,159.81,4/4/2006,4/22/2018,-581.78,Sell,Mydo
128,CSLT,4983,660.79,553.43,10/6/2013,10/8/2009,-107.36,Buy,Abatz
129,FMY,8581,297.51,624.6,3/14/2000,7/3/2016,327.09,Buy,Demizz
130,CBL^D,249,12.05,379.55,2/4/2006,10/12/2010,367.5,Buy,Skilith
131,OPGN,9106,141.16,474.34,7/3/2013,10/25/2012,333.18,Buy,Blogtag
132,AL,2418,801.28,721.45,6/27/2009,2/4/2005,-79.83,Buy,Skidoo
133,WUBA,2642,431.02,690.23,4/10/2004,6/20/2019,259.21,Buy,Jaxnation
134,NM,4589,66.51,255.05,12/10/2019,4/7/2004,188.54,Sell,Jaxbean
135,EC,5398,548.97,364.24,1/3/2022,10/2/2008,-184.73,Sell,Twitterwire
136,STFC,159,686.31,507.22,10/26/2013,9/10/2013,-179.09,Buy,Aivee
137,GDV^D,9424,553.01,161.9,5/5/2009,1/13/2017,-391.11,Sell,Zoombox
138,FDTS,361,537.3,417.78,2/22/2000,7/14/2001,-119.52,Buy,Wikibox
139,BCO,6287,651.2,84.33,5/8/2015,5/26/2000,-566.87,Buy,Yombu
140,ZIOP,7384,188.13,308.96,11/12/2005,10/23/2008,120.83,Buy,Npath
141,RHT,8807,782.56,288.33,3/11/2004,7/1/2005,-494.23,Buy,Feednation
142,SFBS,6421,744.85,349.86,4/25/2020,9/14/2007,-394.99,Sell,Devcast
143,CPF,3429,525.84,304.65,6/16/2002,11/12/2021,-221.19,Sell,Tagopia
144,DTJ,3033,353.51,244.75,2/24/2009,10/16/2014,-108.76,Sell,Pixonyx
145,SLG,3191,89.14,738.93,2/16/2017,7/12/2002,649.79,Buy,Eire
146,NVFY,8823,547.61,854.95,2/26/2019,11/27/2004,307.34,Sell,Jabberbean
147,GAM^B,3507,632.48,820.9,9/13/2004,8/16/2015,188.42,Sell,Skilith
148,OLED,8503,576.65,52.81,11/14/2018,12/26/2015,-523.84,Buy,Skynoodle
149,PBCTP,9868,939.6,932.58,7/21/2020,2/25/2019,-7.02,Buy,Skinix
150,IVR^A,2111,638.21,808.19,1/1/2022,6/22/2022,169.98,Sell,Kamba
151,SSBI,6984,913.56,392.44,9/17/2011,6/2/2017,-521.12,Buy,Zoonoodle
152,RCII,185,674.21,56.69,8/12/2022,1/3/2019,-617.52,Sell,Leenti
153,FBZ,3340,417.93,441.8,6/19/2014,6/6/2019,23.87,Sell,Zooxo
154,VAC,317,108.2,701.14,7/25/2017,2/7/2000,592.94,Buy,Meemm
155,HPJ,8996,269.28,554.67,2/11/2014,1/28/2020,285.39,Sell,Youtags
156,BIT,1404,878.2,689.94,6/17/2008,6/28/2015,-188.26,Sell,Zoomcast
157,NR,5202,310.54,96.27,4/9/2008,5/9/2004,-214.27,Buy,Eire
158,SANW,8066,238.5,707.02,4/5/2015,6/10/2016,468.52,Sell,Gabspot
159,RMTI,697,286.76,574.74,8/15/2018,12/26/2020,287.98,Sell,Gabspot
160,AAAP,1727,355.35,791.98,12/22/2017,10/24/2009,436.63,Sell,Izio
161,BBY,7808,660.87,6.67,3/24/2011,11/18/2000,-654.2,Buy,Meejo
162,APLE,1480,612.52,646.11,8/29/2006,11/22/2016,33.59,Buy,Centizu
163,BXMX,4618,262.57,202.84,3/31/2013,6/14/2008,-59.73,Sell,Mybuzz
164,NIE,1307,735.4,225.52,3/12/2008,12/26/2016,-509.88,Buy,Meezzy
165,RTNB,6340,12.6,194.73,2/27/2003,3/5/2016,182.13,Sell,Photofeed
166,FEX,4987,803.11,872.17,7/27/2002,6/28/2017,69.06,Buy,InnoZ
167,MDU,5080,704.12,360.51,11/27/2012,2/15/2000,-343.61,Sell,Meembee
168,LECO,515,93.44,585.9,3/14/2006,9/8/2002,492.46,Buy,Dabtype
169,AGRX,5404,319.47,95.57,12/22/2009,4/13/2005,-223.9,Sell,Photobug
170,KODK,7346,710.72,906.73,12/2/2011,9/15/2019,196.01,Sell,Shuffletag
171,KB,9199,5.41,529.1,2/25/2006,3/5/2002,523.69,Sell,Skinix
172,ALX,2744,496.57,549.02,11/3/2014,8/7/2012,52.45,Buy,Youspan
173,LMB,1137,229.48,792.98,9/4/2021,10/14/2004,563.5,Sell,Kimia
174,TSM,8214,340.14,322.3,11/29/2010,7/11/2017,-17.84,Buy,Riffpedia
175,SGMA,9209,739.4,0.53,2/18/2012,9/20/2020,-738.87,Sell,Pixoboo
176,SMLP,5004,106.0,28.98,6/13/2012,11/15/2005,-77.02,Sell,Tazzy
177,CRS,1626,350.75,338.7,10/3/2002,3/26/2009,-12.05,Buy,Teklist
178,BDC^B,4291,838.51,628.16,8/10/2005,1/1/2003,-210.35,Sell,Lazz
179,COGT,7556,390.07,200.15,3/4/2004,12/9/2000,-189.92,Buy,Ainyx
180,BANC^E,1373,802.78,38.9,1/29/2018,9/29/2022,-763.88,Buy,Vidoo
181,CHCO,198,927.75,73.2,4/2/2011,2/5/2005,-854.55,Sell,Pixope
182,SEMG,2747,103.54,909.45,6/20/2004,8/13/2012,805.91,Buy,Browsetype
183,HPE,9058,985.62,25.02,3/5/2013,9/18/2008,-960.6,Buy,Katz
184,WEYS,1977,278.59,827.95,2/10/2003,11/22/2020,549.36,Buy,Janyx
185,QQQ,2506,80.79,256.26,10/21/2007,6/20/2017,175.47,Buy,Voonyx
186,HRS,4095,431.81,751.63,3/13/2000,1/5/2019,319.82,Sell,Bubbletube
187,UVSP,358,571.39,372.04,12/5/2014,8/26/2015,-199.35,Sell,Jaxworks
188,GYC,5478,320.22,584.53,4/10/2004,3/18/2006,264.31,Sell,Quatz
189,BAC,6119,970.7,455.37,3/23/2021,1/4/2021,-515.33,Sell,Zoonoodle
190,TRC,3398,751.18,449.26,12/10/2001,10/28/2004,-301.92,Buy,Agivu
191,KOF,1098,648.39,9.1,6/30/2022,2/15/2006,-639.29,Buy,Wikizz
192,CAPR,749,132.85,12.71,12/11/2012,4/1/2010,-120.14,Buy,Tagtune
193,FOANC,3232,13.35,981.84,2/26/2004,4/21/2009,968.49,Sell,Jabbercube
194,JELD,1461,230.07,650.72,8/18/2002,11/8/2021,420.65,Sell,Dynava
195,TMUS,9252,154.92,877.16,10/26/2008,1/22/2000,722.24,Buy,Skiptube
196,BBC,5409,909.23,726.48,5/25/2004,9/2/2021,-182.75,Buy,Plajo
197,AOD,6106,323.73,136.57,5/6/2018,1/15/2012,-187.16,Sell,Gabtype
198,PBIB,1733,632.14,605.7,11/2/2008,1/13/2018,-26.44,Sell,Feedfish
199,SFUN,8610,373.05,125.8,5/29/2004,10/7/2008,-247.25,Buy,Skiba
200,SGOC,3467,932.11,770.24,2/24/2016,6/19/2018,-161.87,Buy,Jetwire
201,COR,1592,861.75,761.13,1/22/2009,1/31/2019,-100.62,Sell,Tekfly
202,INFY,5222,868.74,87.0,11/26/2014,2/28/2000,-781.74,Sell,Buzzshare
203,ABB,4653,293.95,128.5,7/30/2002,3/10/2001,-165.45,Buy,Leenti
204,BSBR,653,496.69,997.1,9/4/2012,11/20/2022,500.41,Buy,Oyoba
205,SUI^A,4674,317.62,486.89,9/8/2020,8/15/2017,169.27,Buy,Shufflester
206,WVVIP,8991,466.33,892.11,1/29/2002,2/9/2016,425.78,Buy,Blogspan
207,OVID,8096,661.78,654.82,9/16/2017,12/30/2016,-6.96,Buy,Edgeclub
208,LINK,4179,886.76,135.1,11/21/2022,3/28/2012,-751.66,Sell,Meeveo
209,SCHW^D,1322,860.52,480.32,3/25/2016,4/18/2011,-380.2,Buy,Voolia
210,GIII,7529,699.03,395.67,4/30/2011,4/18/2013,-303.36,Buy,Yabox
211,CFBK,3022,462.7,668.86,1/28/2002,9/14/2021,206.16,Sell,Gigazoom
212,SA,3225,404.0,33.12,8/2/2004,7/4/2011,-370.88,Sell,Youbridge
213,PBA,946,710.45,455.19,6/24/2018,10/9/2000,-255.26,Buy,Plajo
214,CSU,4625,296.08,707.78,2/6/2006,1/26/2018,411.7,Buy,Oyope
215,DRAD,1768,83.11,190.94,1/18/2010,11/7/2012,107.83,Sell,Edgeify
216,JBSS,9418,814.78,717.73,10/28/2017,3/1/2014,-97.05,Buy,Kazio
217,ONVO,1165,901.09,931.39,2/15/2009,4/9/2010,30.3,Buy,Zoozzy
218,VALE,1459,452.82,603.91,3/13/2021,7/2/2022,151.09,Buy,Realcube
219,TTD,1018,575.05,27.12,9/19/2003,11/28/2002,-547.93,Buy,Yadel
220,NAUH,9391,0.23,276.03,3/27/2014,5/23/2007,275.8,Sell,Npath
221,BJRI,6438,783.39,773.23,8/14/2013,2/24/2005,-10.16,Buy,Tagfeed
222,CRI,231,230.28,588.02,11/28/2007,9/5/2019,357.74,Buy,InnoZ
223,SSNC,9150,214.57,771.81,5/17/2015,11/5/2014,557.24,Sell,Oozz
224,RRTS,457,119.57,447.15,12/21/2002,7/28/2012,327.58,Sell,Snaptags
225,GJH,3901,757.16,565.22,9/7/2016,4/17/2003,-191.94,Buy,Izio
226,PAVMW,9524,712.96,216.19,4/27/2015,10/29/2019,-496.77,Sell,Twimbo
227,MPLX,205,763.47,499.42,7/27/2005,2/10/2006,-264.05,Sell,Edgeblab
228,AVDL,4780,899.13,715.05,9/29/2015,2/4/2017,-184.08,Sell,Wikibox
229,AHT^F,8355,174.15,403.09,5/26/2001,8/10/2013,228.94,Sell,Voolia
230,OFG^B,1721,546.11,283.82,9/11/2011,11/4/2003,-262.29,Sell,Shufflester
231,RNG,4746,452.18,145.07,3/7/2000,9/28/2001,-307.11,Buy,Skyvu
232,FORD,9822,460.58,92.54,5/20/2004,11/5/2003,-368.04,Buy,Cogidoo
233,OACQ,1492,106.68,274.79,8/25/2013,10/3/2014,168.11,Sell,Blogtags
234,MIRN,2402,250.05,631.21,2/13/2005,4/21/2019,381.16,Sell,Zoomcast
235,OLP,8986,316.31,671.54,5/20/2016,12/21/2008,355.23,Sell,Oba
236,ALSN,9481,667.48,141.17,6/27/2017,8/5/2022,-526.31,Sell,Jaxspan
237,DTYS,4730,567.55,594.56,10/2/2013,11/14/2016,27.01,Sell,DabZ
238,INDB,1242,863.52,478.38,11/5/2004,11/13/2011,-385.14,Buy,Skyndu
239,KALV,6899,62.45,710.31,9/12/2000,12/26/2016,647.86,Sell,Ainyx
240,DXC,2486,812.4,320.89,3/14/2008,5/10/2016,-491.51,Buy,Aivee
241,MCRI,6535,171.52,721.56,1/29/2009,12/25/2015,550.04,Buy,Voonix
242,PFSI,2322,669.86,759.69,9/27/2001,7/5/2019,89.83,Buy,Layo
243,LHCG,5097,903.7,69.61,3/15/2010,2/20/2006,-834.09,Buy,Thoughtsphere
244,CLDC,9608,837.8,832.77,6/6/2003,1/22/2013,-5.03,Sell,Bubblemix
245,SRCE,9225,99.67,220.99,4/28/2022,1/21/2007,121.32,Sell,Twitternation
246,PPL,3319,234.6,674.35,3/9/2000,12/16/2013,439.75,Buy,Eayo
247,FEUZ,361,488.45,317.67,12/25/2012,7/17/2016,-170.78,Sell,Skyndu
248,MNK,2434,958.2,315.09,3/8/2003,1/10/2018,-643.11,Buy,Flashdog
249,ANTM,4020,508.92,99.08,11/1/2022,7/3/2010,-409.84,Buy,Divanoodle
250,EYEGW,2070,734.04,905.35,7/14/2003,8/12/2006,171.31,Sell,Youbridge
251,CNDT,7513,936.71,631.88,6/16/2002,1/23/2007,-304.83,Sell,Topicstorm
252,XRX,6299,79.87,66.03,12/19/2005,12/16/2015,-13.84,Sell,Trilia
253,BTT,6534,62.57,919.02,12/13/2021,7/3/2007,856.45,Sell,Jayo
254,RBC,9161,243.2,784.81,6/7/2006,12/12/2011,541.61,Sell,Innojam
255,NGS,8048,646.34,20.42,11/18/2016,7/16/2017,-625.92,Buy,Realblab
256,FCH,7232,891.4,768.36,4/10/2013,2/22/2009,-123.04,Sell,Plambee
257,EGN,5488,482.59,600.79,3/20/2017,5/30/2003,118.2,Sell,Bubbletube
258,COH,2658,538.84,372.27,2/6/2020,12/28/2008,-166.57,Buy,Tagopia
259,STON,3615,465.09,51.59,3/22/2014,4/9/2005,-413.5,Sell,Yata
260,EVHC,9781,515.07,654.3,10/15/2016,10/24/2021,139.23,Sell,Rooxo
261,HLS,3018,650.84,819.98,2/15/2009,3/27/2011,169.14,Sell,Centizu
262,ALQA,2769,814.98,934.49,7/3/2008,2/6/2020,119.51,Sell,Flashdog
263,MTU,9505,904.79,17.23,7/8/2013,4/26/2005,-887.56,Sell,Babbleset
264,PERY,1389,958.93,495.93,11/12/2000,1/17/2008,-463.0,Buy,Trudeo
265,NGHCZ,6184,761.19,473.97,6/19/2017,7/5/2007,-287.22,Sell,Talane
266,MINDP,930,669.65,622.67,11/25/2017,3/14/2008,-46.98,Sell,Photobug
267,FRC^D,2006,515.39,352.17,2/6/2022,3/25/2007,-163.22,Sell,Brainbox
268,PTX,9230,133.16,319.09,7/26/2001,6/3/2020,185.93,Sell,Roombo
269,GUID,110,357.87,866.87,3/20/2022,12/4/2009,509.0,Sell,Topicblab
270,MXF,6241,179.94,581.22,9/30/2020,1/8/2017,401.28,Sell,Feedbug
271,RPAI^A,4683,389.91,951.95,1/5/2016,11/25/2007,562.04,Buy,Einti
272,KYN,6395,434.64,933.2,9/17/2015,2/28/2001,498.56,Buy,Demimbu
273,GAINN,720,974.17,38.37,5/18/2006,1/26/2022,-935.8,Sell,Chatterpoint
274,APPF,261,903.48,390.33,8/9/2022,4/5/2019,-513.15,Buy,Fivebridge
275,FET,2213,857.83,219.04,5/21/2021,10/31/2008,-638.79,Sell,Browsebug
276,HA,3386,211.21,868.87,11/30/2016,1/29/2002,657.66,Buy,Aimbo
277,MAT,9183,655.29,224.63,2/5/2020,5/19/2022,-430.66,Buy,Bubbletube
278,PNF,977,970.07,310.47,8/30/2015,8/13/2021,-659.6,Buy,Aimbo
279,CHMA,969,306.95,564.3,8/26/2000,6/17/2017,257.35,Buy,Rooxo
280,ADNT,7300,660.04,91.62,4/21/2000,9/8/2016,-568.42,Buy,Buzzbean
281,ALGN,5014,50.16,743.56,10/20/2013,7/30/2000,693.4,Sell,Divavu
282,WMGI,9963,502.61,546.79,3/14/2007,9/10/2010,44.18,Sell,LiveZ
283,BQH,1145,199.23,594.14,10/6/2011,8/19/2014,394.91,Buy,Thoughtstorm
284,CHGG,5863,872.52,306.7,7/29/2020,9/2/2020,-565.82,Buy,Pixope
285,UA,731,356.96,199.97,11/9/2015,2/23/2003,-156.99,Sell,Jaxbean
286,MYGN,3789,85.47,738.66,12/21/2000,12/13/2004,653.19,Buy,Zava
287,MFA,3822,785.01,859.95,9/1/2006,11/8/2010,74.94,Sell,Zoonoodle
288,BL,604,200.96,31.88,11/3/2015,4/8/2014,-169.08,Sell,Riffwire
289,PSDO,2526,996.2,60.51,1/23/2014,9/29/2009,-935.69,Sell,Mymm
290,FND,1121,933.21,865.35,8/13/2006,6/7/2007,-67.86,Sell,Blogspan
291,APVO,7704,860.52,167.62,5/26/2020,3/28/2021,-692.9,Buy,Skynoodle
292,LW,6364,451.6,118.0,11/25/2014,4/10/2006,-333.6,Buy,Topiclounge
293,MVT,7221,512.87,875.1,12/25/2015,12/10/2014,362.23,Sell,Abatz
294,MDVXW,1747,789.28,863.96,1/13/2001,4/11/2015,74.68,Buy,Tagcat
295,WBKC,8688,616.32,665.15,11/28/2007,8/24/2010,48.83,Buy,Topiczoom
296,SBCF,6719,983.34,377.55,3/28/2006,1/28/2010,-605.79,Buy,Topicshots
297,TWI,2623,521.16,956.44,1/1/2004,2/9/2002,435.28,Buy,Trupe
298,ETV,4301,902.51,439.39,7/26/2022,10/30/2021,-463.12,Sell,Photobean
299,GPT^A,2887,67.78,161.17,8/27/2017,3/5/2006,93.39,Buy,Muxo
300,ADRE,665,142.96,326.77,10/2/2000,7/13/2001,183.81,Sell,Fanoodle
301,BRK.A,9632,972.87,938.16,10/14/2005,2/26/2002,-34.71,Buy,Oyope
302,CYTK,6597,499.77,925.18,12/27/2015,12/11/2019,425.41,Sell,Dabvine
303,BGH,1482,709.22,569.29,4/28/2007,2/9/2008,-139.93,Sell,Skiptube
304,KORS,7750,188.87,93.39,4/28/2008,10/1/2007,-95.48,Sell,Avamm
305,PTF,3475,863.86,446.2,2/13/2007,4/8/2018,-417.66,Sell,Oozz
306,C^S,8690,575.62,835.48,10/5/2009,10/8/2019,259.86,Buy,Jabbertype
307,RSO^B,65,788.18,344.44,9/25/2007,10/3/2009,-443.74,Buy,Zoozzy
308,QCOM,578,830.33,689.67,2/15/2017,2/24/2005,-140.66,Sell,Kazu
309,TCF,4435,115.78,36.44,11/23/2008,6/12/2003,-79.34,Sell,Yozio
310,EIG,2194,144.62,852.37,2/11/2009,4/28/2008,707.75,Sell,Jabberstorm
311,TIG,5461,282.24,394.5,4/28/2021,11/4/2013,112.26,Buy,Fanoodle
312,CLRB,5754,999.14,810.18,9/9/2013,12/4/2008,-188.96,Buy,Jaloo
313,ALLT,5100,670.66,350.27,8/5/2019,2/7/2005,-320.39,Sell,Brainverse
314,ONS,6101,153.02,962.33,2/22/2017,3/6/2001,809.31,Sell,Eayo
315,PEZ,3075,988.37,10.12,9/30/2010,6/29/2004,-978.25,Buy,Vipe
316,CLMT,4922,285.57,492.12,12/16/2010,1/28/2006,206.55,Buy,Blogtags
317,RRD,1304,186.74,228.7,7/6/2020,10/14/2015,41.96,Buy,Snaptags
318,OMEX,4131,544.54,261.26,3/15/2013,1/26/2018,-283.28,Sell,Oyoba
319,HUBS,9968,861.32,841.42,2/3/2000,12/17/2005,-19.9,Sell,Thoughtstorm
320,STBA,8092,580.78,504.49,11/14/2004,1/28/2013,-76.29,Buy,Meedoo
321,SCL,5525,63.54,35.24,1/20/2018,11/27/2022,-28.3,Buy,Linkbridge
322,GF,8587,4.08,502.06,8/17/2020,2/22/2012,497.98,Sell,InnoZ
323,GDEN,5419,301.63,724.48,8/5/2013,2/20/2006,422.85,Buy,Innojam
324,STAG^C,3620,742.21,337.95,6/30/2006,4/18/2001,-404.26,Buy,Miboo
325,FTAI,8705,385.58,712.34,11/28/2008,10/6/2005,326.76,Sell,Rhybox
326,FEI           ,1661,92.46,895.44,12/8/2013,12/19/2012,802.98,Sell,Geba
327,MIME,4499,964.89,88.59,11/2/2011,10/12/2016,-876.3,Buy,Leenti
328,CUTR,8760,64.44,808.08,9/30/2006,3/11/2000,743.64,Buy,Browsebug
329,BHL,2652,979.19,434.18,12/10/2022,12/12/2001,-545.01,Buy,Blogspan
330,FRAC,4989,578.89,720.33,8/7/2000,3/18/2002,141.44,Sell,Yakitri
331,JSML,6062,587.3,655.03,1/19/2017,2/5/2000,67.73,Buy,Voonte
332,ARGX,3390,848.23,797.12,4/24/2017,5/3/2018,-51.11,Sell,Centimia
333,PPBI,1691,58.52,276.51,5/22/2000,7/20/2012,217.99,Buy,Tazz
334,CZFC,4064,297.95,966.57,9/2/2013,2/20/2017,668.62,Buy,Plambee
335,PCG,2674,840.99,280.19,12/16/2013,5/31/2007,-560.8,Buy,Kimia
336,CELGZ,682,982.36,439.1,8/20/2003,5/15/2009,-543.26,Sell,Eimbee
337,BANC^D,5299,284.58,51.21,7/17/2009,1/16/2015,-233.37,Sell,Fiveclub
338,MYD,8621,31.54,93.01,10/25/2021,9/14/2020,61.47,Buy,Browsecat
339,MUC,2722,231.57,38.15,3/12/2011,3/17/2012,-193.42,Buy,Katz
340,MPLX,4849,795.7,824.51,11/6/2005,4/17/2022,28.81,Buy,Tekfly
341,FMY,8627,203.7,315.98,12/17/2016,9/6/2009,112.28,Sell,Brainlounge
342,AVEO,9857,521.37,964.14,4/2/2001,4/17/2007,442.77,Sell,Jetpulse
343,KIM^K,2196,512.85,678.13,11/5/2002,1/22/2014,165.28,Sell,Twitterbeat
344,SSL,6904,159.53,899.17,12/4/2000,10/23/2001,739.64,Buy,Mynte
345,EBIX,9384,306.05,387.42,10/18/2002,1/31/2020,81.37,Buy,Jayo
346,AIQ,8136,384.36,734.58,1/27/2014,10/9/2018,350.22,Sell,Zoomlounge
347,IBKC,4931,919.01,526.81,5/2/2008,10/16/2021,-392.2,Buy,Kazio
348,OFIX,778,297.27,79.95,7/26/2018,3/19/2018,-217.32,Buy,Photofeed
349,BRKS,6339,959.02,906.72,9/25/2003,9/26/2020,-52.3,Sell,Fliptune
350,CDTI,2143,89.68,888.6,7/8/2019,11/24/2004,798.92,Sell,Dabshots
351,JCI,8110,786.76,734.01,12/30/2008,1/13/2016,-52.75,Sell,Aibox
352,HES,4358,428.86,463.27,8/28/2016,10/26/2009,34.41,Sell,Edgepulse
353,SSW^H,4538,186.71,501.25,5/21/2004,5/24/2015,314.54,Sell,Twitterbeat
354,RBS^L,3408,509.45,476.35,9/17/2002,1/30/2016,-33.1,Buy,Meembee
355,NTEST,1129,39.88,474.83,7/1/2019,5/14/2020,434.95,Buy,Voonyx
356,FNK,9562,443.35,548.87,4/3/2006,2/4/2015,105.52,Buy,Brightbean
357,JTD,6945,382.03,181.88,10/6/2019,8/17/2019,-200.15,Sell,Muxo
358,TAIT,6369,592.06,845.58,12/13/2021,3/9/2010,253.52,Buy,Wikido
359,ECPG,8511,438.09,188.39,12/12/2009,11/16/2011,-249.7,Buy,LiveZ
360,BKCC,2092,595.67,937.55,1/6/2018,10/1/2008,341.88,Buy,Eimbee
361,TGP,4618,84.25,512.69,1/27/2003,11/19/2016,428.44,Sell,Jaxspan
362,FEO,8434,61.78,114.22,10/18/2022,9/29/2018,52.44,Sell,Roomm
363,ASGN,5186,106.21,179.39,12/1/2009,8/11/2020,73.18,Sell,JumpXS
364,POLA,2046,169.65,106.04,4/17/2007,9/9/2009,-63.61,Buy,Kwideo
365,BGE^B,2822,812.33,29.73,5/4/2013,1/6/2008,-782.6,Buy,Roomm
366,SSP,6272,522.19,36.12,5/6/2013,1/25/2003,-486.07,Buy,Oozz
367,FCN,7480,250.13,746.36,2/13/2007,9/4/2022,496.23,Sell,Thoughtstorm
368,PAVM,1916,170.49,939.53,10/20/2010,10/22/2019,769.04,Sell,Linkbridge
369,SEED,4918,815.89,149.41,7/10/2020,7/19/2016,-666.48,Sell,Zooveo
370,GOOS,135,158.32,909.25,2/17/2011,2/13/2009,750.93,Sell,Roomm
371,PDEX,9274,608.18,125.37,2/25/2012,3/12/2005,-482.81,Sell,Feedbug
372,STLD,1185,157.43,81.98,10/11/2019,7/27/2009,-75.45,Buy,Meezzy
373,WRB^D,5034,516.76,151.52,4/9/2011,3/17/2016,-365.24,Sell,Tagopia
374,FF,972,95.52,706.05,7/26/2012,12/13/2003,610.53,Buy,Latz
375,HZO,6187,922.58,790.41,1/20/2017,3/17/2008,-132.17,Buy,Skibox
376,SHLX,3623,508.09,967.35,12/22/2012,1/8/2013,459.26,Sell,Yakijo
377,ARI,305,102.87,938.73,5/6/2015,3/12/2010,835.86,Sell,Voolith
378,EMES,541,809.09,29.45,12/17/2002,4/28/2003,-779.64,Sell,Zoonoodle
379,CSQ,9085,414.4,743.49,12/2/2003,11/24/2017,329.09,Sell,Zooveo
380,PKY,7239,226.76,563.01,3/18/2008,4/29/2022,336.25,Buy,Mudo
381,CTRL,6958,944.44,289.95,12/29/2018,11/30/2015,-654.49,Sell,Skimia
382,AREX,7575,174.08,317.54,6/29/2003,2/17/2012,143.46,Buy,Brightbean
383,FRA,7404,423.83,481.25,2/19/2006,8/17/2001,57.42,Sell,Trudeo
384,WFC^Q,6686,366.9,726.56,9/1/2010,12/7/2001,359.66,Sell,Wordpedia
385,GASS,3742,833.68,108.51,9/16/2000,8/31/2010,-725.17,Buy,Oyope
386,FNLC,8856,247.83,112.64,3/3/2014,6/30/2004,-135.19,Buy,Lazzy
387,WG,4204,952.39,109.33,1/22/2000,2/21/2007,-843.06,Buy,Muxo
388,M,5907,910.24,975.85,7/15/2007,10/28/2003,65.61,Buy,Kayveo
389,NEOG,3098,953.69,975.18,6/12/2014,6/4/2017,21.49,Sell,Eimbee
390,KTN,9575,629.96,55.36,5/31/2003,5/17/2017,-574.6,Sell,Devpulse
391,TU,9478,304.08,117.21,9/3/2020,2/29/2004,-186.87,Buy,Thoughtmix
392,BCR,9353,311.04,13.2,9/27/2011,5/14/2017,-297.84,Sell,Zoovu
393,AVXL,4741,542.39,733.99,9/6/2019,5/6/2011,191.6,Buy,Jabbercube
394,RPT,7720,807.69,213.66,3/9/2001,5/2/2019,-594.03,Sell,Chatterbridge
395,PNC^Q,4660,643.53,516.69,3/4/2019,8/16/2006,-126.84,Sell,Browsecat
396,AFSI^F,2186,388.64,856.6,5/16/2003,7/31/2008,467.96,Buy,Innotype
397,ANF,2369,188.27,68.76,1/20/2008,8/8/2003,-119.51,Sell,Eadel
398,NFJ,6305,553.55,622.45,12/8/2015,3/28/2000,68.9,Sell,Photospace
399,VWOB,9686,177.72,393.73,1/22/2013,5/17/2009,216.01,Sell,Brainsphere
400,B,6102,626.99,66.47,4/5/2003,1/27/2022,-560.52,Sell,Zooxo
401,ILMN,6107,436.24,140.03,6/29/2020,9/14/2007,-296.21,Sell,Linklinks
402,JELD,8680,722.62,472.48,4/7/2000,7/19/2022,-250.14,Buy,Kanoodle
403,TTEK,7601,551.6,472.25,6/21/2016,5/25/2014,-79.35,Buy,Twitterlist
404,AUPH,403,776.79,996.07,11/8/2012,6/12/2000,219.28,Buy,Vitz
405,GLW,9209,787.92,593.32,3/29/2011,12/24/2018,-194.6,Buy,Flipopia
406,NMT,1830,223.8,939.33,10/21/2014,12/26/2005,715.53,Sell,Twimm
407,PLYA,6525,327.56,391.35,6/24/2006,1/5/2012,63.79,Buy,Topicblab
408,PCYO,3341,173.78,234.15,3/4/2007,2/10/2004,60.37,Sell,Shufflester
409,PMD,8510,822.77,11.28,1/29/2014,7/6/2001,-811.49,Sell,Voolith
410,RELL,680,817.3,204.28,11/15/2008,5/11/2016,-613.02,Buy,Tambee
411,TLT,9680,116.95,373.31,1/17/2017,11/25/2013,256.36,Buy,Gabvine
412,SCKT,1563,342.76,394.46,1/12/2019,5/4/2000,51.7,Sell,Katz
413,ADXS,2771,461.38,762.32,5/9/2014,2/25/2005,300.94,Buy,Kwilith
414,HCAPL,4028,636.95,404.19,10/14/2012,3/11/2006,-232.76,Sell,Linktype
415,DGLT,3586,721.23,944.82,7/29/2006,3/28/2014,223.59,Sell,Dabfeed
416,PTIE,485,986.2,998.39,3/27/2006,9/7/2011,12.19,Buy,Browsecat
417,NGHCO,2634,529.58,916.56,10/17/2003,6/19/2020,386.98,Buy,Quatz
418,DYN^A,9001,892.86,564.14,8/28/2018,10/27/2014,-328.72,Buy,Feedfish
419,NEWT,5787,53.01,380.23,7/6/2001,1/20/2019,327.22,Sell,Feedbug
420,ABIL,159,495.23,937.46,10/3/2012,10/17/2001,442.23,Buy,Youfeed
421,WHLRP,3741,781.2,139.3,2/3/2002,8/15/2008,-641.9,Buy,Skipstorm
422,NEOS,7672,681.37,217.71,8/19/2001,5/17/2008,-463.66,Sell,Quamba
423,AFI,2927,159.64,950.31,11/24/2022,12/20/2010,790.67,Sell,Topiczoom
424,PRE^H,5961,613.55,613.79,9/11/2016,1/31/2005,0.24,Sell,Yakijo
425,AEK,4613,991.98,342.04,6/7/2004,2/9/2004,-649.94,Sell,Oyoyo
426,MITL,4418,419.33,271.34,3/5/2009,3/24/2004,-147.99,Sell,Zoombeat
427,LNGR,3384,483.77,608.91,1/24/2008,6/10/2012,125.14,Buy,Skinix
428,FL,5404,564.6,432.69,12/28/2007,8/23/2018,-131.91,Sell,Gabvine
429,PLOW,6932,779.41,823.24,6/23/2022,9/18/2000,43.83,Sell,Devshare
430,ASR,5825,981.54,187.91,7/18/2002,7/8/2016,-793.63,Buy,Kanoodle
431,FKO,1230,488.26,957.09,11/23/2022,1/7/2000,468.83,Sell,Eare
432,MCR,9645,282.07,366.14,3/11/2019,12/27/2012,84.07,Sell,Jaloo
433,UNVR,8464,448.19,417.12,8/28/2009,10/1/2001,-31.07,Buy,Oyope
434,MUE,5092,775.96,161.92,5/31/2004,12/31/2006,-614.04,Sell,Mudo
435,WSTL,3233,524.23,564.11,6/27/2017,7/6/2007,39.88,Sell,Yakitri
436,PCK,5837,932.33,56.99,1/19/2006,5/8/2004,-875.34,Buy,Voolith
437,FOE,7496,177.38,97.44,4/5/2011,9/23/2016,-79.94,Buy,Edgeclub
438,HPT,575,55.4,539.59,11/3/2021,1/10/2020,484.19,Sell,Vinder
439,HUNTW,9609,887.91,361.48,12/30/2012,2/11/2004,-526.43,Buy,Mymm
440,TXRH,4207,537.78,585.24,1/30/2002,2/23/2016,47.46,Buy,Photojam
441,BJRI,788,91.9,279.19,11/19/2000,1/1/2020,187.29,Sell,Youbridge
442,REPH,306,80.13,283.67,1/13/2002,6/7/2021,203.54,Buy,Topicware
443,JSMD,9893,814.89,350.76,7/9/2020,8/22/2020,-464.13,Buy,Lazzy
444,TCCB,8684,329.91,823.59,6/21/2004,8/3/2014,493.68,Buy,Skibox
445,RSO,7320,373.53,145.04,7/1/2007,12/20/2010,-228.49,Buy,Kamba
446,JPM.WS,1358,497.11,608.09,3/8/2015,7/23/2009,110.98,Sell,DabZ
447,OSBCP,7344,496.01,532.49,10/12/2014,5/20/2009,36.48,Buy,Demizz
448,BSQR,8910,669.99,954.99,6/2/2010,1/21/2005,285.0,Buy,Photofeed
449,ENTG,7799,391.53,170.62,7/5/2006,3/1/2001,-220.91,Buy,Ailane
450,FDC,5802,788.11,373.88,12/6/2018,6/28/2020,-414.23,Sell,Jetwire
451,BBD,1402,183.22,532.43,2/11/2009,6/8/2008,349.21,Buy,Zoomlounge
452,WWW,7026,867.69,320.99,9/9/2018,5/30/2000,-546.7,Buy,Brightdog
453,PBIP,6778,642.31,484.7,1/19/2005,3/14/2013,-157.61,Sell,Voonix
454,RCII,4510,586.6,922.57,5/3/2000,2/28/2014,335.97,Buy,BlogXS
455,SUPN,4759,711.57,756.41,12/26/2016,10/10/2016,44.84,Buy,Tambee
456,TNP^B,5402,253.16,840.05,10/25/2016,3/21/2001,586.89,Sell,Youbridge
457,CHDN,8051,346.54,267.33,6/25/2001,4/19/2009,-79.21,Buy,Brainsphere
458,OMAA,9194,255.96,861.78,10/13/2007,4/9/2015,605.82,Sell,Voolia
459,ITRN,6112,78.43,920.49,11/6/2021,2/8/2001,842.06,Sell,Gabtune
460,GWRS,9508,820.46,528.41,7/3/2014,9/8/2002,-292.05,Sell,Yacero
461,COR^A,1506,153.69,72.21,7/19/2006,5/10/2000,-81.48,Sell,Browsedrive
462,RUN,6848,174.65,710.84,4/12/2007,2/3/2012,536.19,Sell,Quatz
463,FINX,5583,960.45,215.36,6/8/2022,5/22/2017,-745.09,Sell,Kwideo
464,SIR,930,352.45,367.37,10/30/2001,9/14/2001,14.92,Buy,Jabberstorm
465,KEYS,9773,117.17,110.14,6/16/2015,11/2/2012,-7.03,Buy,Wikivu
466,ATHM,9216,119.23,417.01,10/29/2001,11/25/2018,297.78,Sell,Skimia
467,JW.A,4664,38.1,370.47,4/15/2002,7/20/2016,332.37,Buy,Livetube
468,ANSS,5896,860.77,405.76,12/3/2009,7/10/2002,-455.01,Sell,Mydeo
469,SMG,6242,46.88,365.81,4/6/2007,5/27/2017,318.93,Buy,Talane
470,WRI,9894,277.45,443.14,1/27/2016,1/18/2001,165.69,Buy,Trilia
471,CRNT,9181,619.58,439.33,8/11/2001,10/26/2007,-180.25,Buy,Realbuzz
472,PL^C,2957,763.41,6.59,8/27/2009,2/9/2006,-756.82,Buy,Mydeo
473,INN,4647,510.42,81.89,2/15/2013,7/19/2001,-428.53,Sell,Wordify
474,CFMS,3249,383.29,543.26,4/16/2018,2/6/2005,159.97,Sell,Tazz
475,CIB,3965,530.86,582.26,8/29/2017,3/21/2004,51.4,Sell,Trudoo
476,NSS,1401,410.96,864.7,9/20/2002,4/28/2004,453.74,Sell,Ailane
477,ERA,717,86.81,275.44,3/17/2013,9/18/2000,188.63,Buy,Wordware
478,CCUR,3299,168.58,262.62,7/22/2002,1/11/2007,94.04,Sell,Yodoo
479,SPLS,9147,843.18,930.05,3/25/2001,5/17/2014,86.87,Sell,Trudeo
480,RVLT,1096,264.96,45.49,3/11/2000,9/4/2005,-219.47,Sell,Ozu
481,BPI,7677,293.22,741.63,10/16/2003,11/25/2017,448.41,Buy,Yotz
482,MLNX,7704,300.97,485.69,10/29/2003,6/17/2000,184.72,Buy,Realblab
483,QUMU,6252,100.13,626.99,10/19/2003,2/12/2007,526.86,Sell,Lazzy
484,JKHY,5205,481.32,0.37,1/4/2004,1/29/2014,-480.95,Sell,Oloo
485,FFNW,6172,269.01,3.29,11/20/2004,9/26/2002,-265.72,Buy,Brightbean
486,ERIC,4119,38.92,460.02,3/14/2019,1/7/2017,421.1,Sell,Feednation
487,MYE,7865,30.6,88.38,9/24/2018,2/10/2002,57.78,Sell,Teklist
488,CTBI,484,753.01,120.12,1/26/2004,1/27/2017,-632.89,Buy,Avavee
489,WCFB,3898,895.85,744.14,5/3/2016,6/7/2013,-151.71,Sell,Latz
490,CYBE,1210,263.56,23.06,11/24/2021,2/8/2018,-240.5,Sell,Rooxo
491,PXD,7496,353.35,251.54,5/9/2002,2/7/2014,-101.81,Sell,Leenti
492,BIIB,7456,55.27,415.19,7/23/2016,11/26/2019,359.92,Sell,Realmix
493,BML^L,4938,712.32,579.72,12/16/2012,2/11/2016,-132.6,Sell,Meejo
494,APA,2701,658.8,644.52,3/7/2013,9/8/2022,-14.28,Buy,Buzzster
495,CSGS,3726,23.3,400.49,2/18/2015,10/28/2004,377.19,Sell,Skiba
496,PER,591,732.9,797.82,10/21/2018,6/8/2000,64.92,Sell,Livefish
497,AWK,5267,80.49,357.48,5/27/2001,1/25/2017,276.99,Buy,Omba
498,STAR^G,4593,640.06,754.47,1/3/2001,8/16/2002,114.41,Buy,Quamba
499,CVX,8768,749.98,390.61,4/13/2005,2/10/2021,-359.37,Sell,Zoombox
500,AYX,1741,771.71,873.14,5/26/2000,2/7/2011,101.43,Buy,Roomm
501,GLA,8316,483.24,669.79,1/20/2007,3/24/2007,186.55,Buy,Dynabox
502,PDT,7205,521.47,157.47,9/3/2019,4/28/2019,-364.0,Sell,Linkbuzz
503,BUI,7419,15.04,37.75,8/1/2013,3/30/2000,22.71,Sell,Babbleopia
504,KN,1241,548.28,839.24,6/23/2015,10/26/2009,290.96,Sell,Quinu
505,BQH,3870,23.19,42.08,1/13/2014,12/9/2000,18.89,Buy,Mudo
506,CLIR,6991,489.02,243.41,10/1/2013,7/6/2019,-245.61,Buy,Devpulse
507,RKDA,9452,633.14,674.05,3/19/2011,9/21/2002,40.91,Buy,Trilith
508,CC,6919,159.67,836.83,3/9/2010,8/8/2001,677.16,Buy,Demizz
509,HURN,5141,395.82,466.76,8/2/2010,5/11/2019,70.94,Sell,Aimbo
510,DNBF,6001,33.99,225.29,9/28/2009,1/29/2001,191.3,Sell,Livetube
511,FRBK,2940,396.25,483.02,5/30/2020,10/14/2007,86.77,Sell,Youbridge
512,BML^I,9682,787.72,540.08,8/8/2000,9/9/2007,-247.64,Buy,Oba
513,RMD,8211,588.5,683.18,7/5/2013,8/24/2022,94.68,Sell,Wikido
514,AVGO,3098,488.2,13.16,12/28/2018,5/27/2018,-475.04,Sell,Wikizz
515,HCM,5807,264.35,982.15,1/16/2010,12/20/2000,717.8,Buy,Jabbersphere
516,EXFO,7893,515.99,260.67,12/30/2015,5/11/2010,-255.32,Buy,Npath
517,NVR,6338,869.51,402.24,11/6/2003,4/6/2012,-467.27,Buy,Browseblab
518,XIN,9385,795.95,864.48,5/8/2013,10/29/2015,68.53,Sell,Dazzlesphere
519,SNN,4194,164.73,588.47,7/6/2013,12/11/2014,423.74,Sell,Layo
520,SMBC,1330,487.44,123.67,7/25/2022,8/18/2010,-363.77,Sell,Brightbean
521,RBA,8588,840.54,775.1,8/31/2015,7/8/2011,-65.44,Sell,Trunyx
522,IHD,8029,367.77,81.12,1/29/2006,1/10/2019,-286.65,Sell,Roomm
523,PODD,2444,424.39,840.45,2/27/2016,11/13/2011,416.06,Buy,Realcube
524,PSL,7835,500.34,880.64,3/20/2015,10/11/2018,380.3,Sell,Realfire
525,HES,7601,939.8,733.39,8/24/2013,2/23/2010,-206.41,Sell,Zava
526,HXL,7485,367.28,958.92,3/4/2007,8/14/2001,591.64,Sell,Linklinks
527,EBSB,7536,940.96,477.95,10/20/2004,1/10/2016,-463.01,Buy,Realblab
528,FTSM,8862,318.42,436.32,10/6/2005,5/18/2013,117.9,Sell,Skivee
529,EMP,2427,737.53,364.1,9/18/2019,3/29/2016,-373.43,Buy,Quatz
530,NK,2901,963.45,924.53,7/20/2008,4/1/2008,-38.92,Sell,Trupe
531,RFP,8664,512.16,577.14,11/12/2013,8/21/2006,64.98,Sell,Meevee
532,AZZ,7761,268.75,337.03,2/11/2015,12/22/2005,68.28,Sell,Demizz
533,MNE,4488,146.25,672.82,9/23/2010,5/7/2010,526.57,Buy,Riffpedia
534,MLAB,3936,295.44,539.03,7/5/2012,4/4/2009,243.59,Sell,Yambee
535,CLNT,4182,114.46,181.51,12/6/2011,10/30/2020,67.05,Buy,Riffpath
536,HFC,5283,57.74,119.5,11/4/2007,2/23/2016,61.76,Sell,Zazio
537,CPG,8675,691.0,271.07,10/7/2004,1/18/2013,-419.93,Buy,Digitube
538,DVN,8183,757.88,941.22,5/27/2022,4/9/2008,183.34,Buy,Browseblab
539,AHL,3087,538.75,938.74,12/23/2012,10/15/2022,399.99,Buy,Yoveo
540,AJXA,9768,871.32,796.33,1/22/2014,4/20/2010,-74.99,Buy,Babbleblab
541,INWK,260,610.08,968.05,9/25/2017,9/7/2019,357.97,Sell,Meetz
542,DGX,8498,28.71,149.28,10/8/2015,6/13/2016,120.57,Buy,Dabvine
543,ALKS,7437,856.1,815.13,5/22/2004,3/26/2002,-40.97,Buy,Ntags
544,SLB,3049,125.04,580.9,2/3/2010,2/14/2008,455.86,Sell,Oyoyo
545,CF,8386,593.98,596.87,7/1/2004,8/4/2002,2.89,Buy,Brightbean
546,SMFG,1776,108.26,60.65,9/11/2005,1/8/2006,-47.61,Sell,Chatterpoint
547,RGCO,9362,122.04,569.8,12/27/2013,6/7/2001,447.76,Buy,Camimbo
548,BF.A,7924,258.55,18.42,7/18/2014,3/18/2019,-240.13,Sell,Shuffledrive
549,CRAI,7276,736.26,266.23,1/15/2015,3/31/2014,-470.03,Buy,Photolist
550,DDS,5100,754.47,479.24,6/28/2003,5/13/2006,-275.23,Buy,Buzzster
551,CFBK,1479,659.7,988.77,5/1/2015,8/16/2003,329.07,Buy,Pixonyx
552,CFR,1009,700.77,194.58,11/26/2004,10/20/2022,-506.19,Sell,Feedfire
553,FFNW,8059,452.44,756.46,11/15/2018,9/21/2018,304.02,Buy,Topdrive
554,EVLV,1434,157.1,347.62,7/21/2014,4/25/2010,190.52,Buy,Wikivu
555,POT,2426,597.11,114.29,2/26/2000,6/5/2008,-482.82,Sell,Meeveo
556,SYMC,6154,887.07,341.28,12/19/2004,5/22/2014,-545.79,Buy,Lazzy
557,ARGS,4086,952.88,863.74,4/30/2018,7/30/2010,-89.14,Sell,Kwilith
558,AVHI,239,392.51,988.63,1/29/2003,6/23/2021,596.12,Buy,Wordpedia
559,PAGP,961,229.59,604.79,4/20/2017,4/26/2017,375.2,Buy,Vidoo
560,RFIL,1602,81.49,704.37,8/8/2005,4/22/2000,622.88,Sell,Quatz
561,QVCA,8230,555.9,41.25,5/27/2020,4/1/2021,-514.65,Sell,Twitterbridge
562,MFV,8438,485.29,177.4,9/3/2007,11/11/2003,-307.89,Sell,Eimbee
563,TEP,1011,779.71,578.22,3/1/2008,6/15/2016,-201.49,Buy,Skidoo
564,KRNY,7290,962.08,299.77,10/23/2000,6/15/2000,-662.31,Sell,Wikibox
565,ASR,3060,154.31,247.11,11/27/2010,4/14/2015,92.8,Buy,Bluezoom
566,KSU,6058,284.28,267.99,1/26/2005,7/20/2015,-16.29,Buy,Oyoyo
567,OMCL,2608,662.93,437.94,8/6/2020,7/3/2022,-224.99,Sell,Abata
568,SGRP,2539,8.81,138.23,12/25/2020,2/25/2014,129.42,Sell,Dynabox
569,ESTE,2618,531.55,259.59,10/29/2003,5/3/2014,-271.96,Buy,Yodo
570,RAS^A,7611,445.33,400.77,7/5/2019,2/15/2004,-44.56,Buy,Janyx
571,BEL,6577,753.22,885.86,8/30/2001,6/13/2021,132.64,Sell,Thoughtstorm
572,MNE,6749,742.91,377.74,9/23/2022,12/25/2011,-365.17,Buy,Youtags
573,SXE,2458,202.0,521.45,7/10/2008,2/21/2019,319.45,Buy,Meeveo
574,CAPL,6985,162.97,707.54,7/2/2013,12/23/2005,544.57,Buy,Babbleopia
575,BCOM,3690,501.88,271.31,11/21/2021,10/23/2016,-230.57,Buy,Camido
576,DLHC,6992,37.86,706.99,10/14/2008,6/16/2020,669.13,Buy,Youbridge
577,NVS,9557,729.39,616.44,10/29/2017,12/8/2014,-112.95,Sell,Fivechat
578,ASCMA,1848,401.54,148.93,4/12/2008,2/4/2005,-252.61,Buy,Zazio
579,AMNB,3107,462.41,863.63,5/4/2014,11/8/2006,401.22,Buy,Skipstorm
580,TCX,4808,448.28,726.19,5/19/2017,4/2/2008,277.91,Sell,Ailane
581,LPI,8733,211.3,467.19,10/18/2007,12/26/2022,255.89,Buy,Edgeify
582,TCPC,1820,9.22,614.45,7/18/2012,5/5/2019,605.23,Sell,Skimia
583,SPAN,9773,719.85,683.11,11/30/2013,8/12/2005,-36.74,Buy,Demizz
584,MTRX,9402,39.72,208.24,10/4/2019,10/24/2011,168.52,Sell,Gabtune
585,FITS,7751,551.07,955.98,6/7/2008,8/25/2002,404.91,Sell,Riffwire
586,TVE,7981,466.4,64.66,12/27/2017,7/22/2009,-401.74,Buy,Jayo
587,NNBR,4248,676.91,129.86,2/16/2014,6/9/2017,-547.05,Buy,Muxo
588,GILT,9880,324.12,40.93,12/26/2007,10/12/2016,-283.19,Buy,Quinu
589,OA,8401,288.38,692.37,1/3/2002,11/13/2019,403.99,Buy,Fadeo
590,RIBT,1912,908.88,55.14,10/27/2021,9/30/2006,-853.74,Sell,Oyoba
591,CYBE,8119,171.45,540.07,11/5/2005,3/16/2019,368.62,Sell,Geba
592,GECC,9542,520.83,778.0,7/25/2019,10/14/2017,257.17,Sell,Gabvine
593,HMLP,3834,157.82,548.38,2/14/2003,10/15/2018,390.56,Sell,Topicstorm
594,DYN.WS.A,2867,362.13,45.54,5/8/2014,2/9/2004,-316.59,Sell,Twimm
595,LLEX,8954,880.84,571.88,5/8/2022,6/3/2015,-308.96,Sell,Innojam
596,DCOM,5563,29.43,582.06,6/18/2010,9/13/2014,552.63,Sell,Flashset
597,HTBI,1324,165.46,118.58,1/5/2004,9/19/2006,-46.88,Sell,Tanoodle
598,CFCOW,1231,553.39,570.99,6/5/2013,6/28/2004,17.6,Buy,Browseblab
599,CARS,805,627.33,375.48,11/3/2010,8/27/2015,-251.85,Buy,Skyndu
600,TUES,8718,373.88,814.22,5/21/2016,9/5/2010,440.34,Buy,Talane
601,RSO,827,158.65,907.46,6/5/2014,10/16/2002,748.81,Sell,Wordware
602,MSM,105,562.58,957.4,2/26/2016,8/6/2009,394.82,Sell,Aimbu
603,GTT,5833,892.37,354.5,8/22/2002,3/25/2016,-537.87,Buy,Mydeo
604,GRPN,4160,336.62,375.86,1/30/2006,9/15/2020,39.24,Sell,Gigabox
605,MYJ,5870,693.17,437.83,3/3/2004,6/1/2005,-255.34,Sell,Zoomcast
606,NUW,5599,282.97,997.11,9/20/2011,11/7/2019,714.14,Buy,Agimba
607,SQM,3235,774.39,355.65,9/12/2005,1/12/2011,-418.74,Sell,Eayo
608,GOV,5462,690.01,465.53,3/24/2012,12/15/2012,-224.48,Sell,Oyoyo
609,IART,2333,803.7,264.08,5/9/2018,7/5/2006,-539.62,Buy,Oyope
610,APPS,390,978.34,867.7,8/26/2004,8/22/2012,-110.64,Buy,Zoombox
611,ACCO,6249,765.52,533.16,9/28/2017,9/27/2012,-232.36,Sell,Rooxo
612,XKE,3639,29.0,941.58,3/22/2009,1/29/2013,912.58,Buy,Buzzster
613,MTGE,8444,398.15,365.5,9/18/2007,11/14/2001,-32.65,Sell,Agimba
614,PFIS,9783,6.03,182.85,11/4/2006,12/10/2013,176.82,Buy,Realbridge
615,HGH,4752,406.59,390.66,12/16/2017,10/8/2006,-15.93,Buy,Eire
616,DG,9743,536.32,581.9,11/9/2010,1/4/2010,45.58,Buy,Twitternation
617,BCOV,8337,522.61,121.06,8/9/2012,7/21/2021,-401.55,Sell,Buzzdog
618,CC,3603,386.44,639.94,2/13/2008,11/5/2022,253.5,Buy,Fadeo
619,JSYN,9883,271.13,685.47,4/27/2009,5/10/2014,414.34,Sell,Wikibox
620,DKL,6689,910.87,268.43,12/16/2017,8/13/2013,-642.44,Sell,Dynabox
621,CAT,9551,557.99,340.07,10/27/2020,2/3/2020,-217.92,Sell,Fivespan
622,FTRI,3211,487.97,773.66,12/20/2021,2/20/2002,285.69,Sell,Browsedrive
623,AIB,8235,387.55,660.44,4/3/2002,2/14/2007,272.89,Sell,Podcat
624,PCTI,13,652.09,86.67,5/4/2013,8/5/2017,-565.42,Sell,Twinder
625,DSE,8668,716.98,608.82,2/25/2012,8/8/2012,-108.16,Sell,Kwimbee
626,SF,9695,75.94,352.32,6/21/2018,6/20/2010,276.38,Buy,Camido
627,GWR,8351,875.79,976.37,8/8/2004,8/9/2008,100.58,Buy,Thoughtsphere
628,SIRI,5481,839.12,290.45,10/30/2022,7/17/2016,-548.67,Buy,Aimbu
629,NWFL,5362,266.01,506.87,11/20/2017,7/21/2014,240.86,Buy,Lazzy
630,MTL,5656,693.06,477.37,7/4/2008,1/21/2003,-215.69,Buy,Tekfly
631,MER^K,6989,77.35,312.79,2/21/2016,10/4/2012,235.44,Sell,Wordware
632,TRHC,9878,563.85,560.0,6/28/2010,5/26/2006,-3.85,Sell,Katz
633,FVC,7421,492.92,627.24,8/6/2010,8/31/2020,134.32,Buy,Topiczoom
634,GER,3108,647.87,158.34,8/11/2011,6/25/2002,-489.53,Sell,Demimbu
635,SINA,4958,281.38,722.34,1/2/2014,6/5/2011,440.96,Buy,Skimia
636,HYT,2828,580.47,210.05,8/29/2007,9/30/2010,-370.42,Sell,Ntags
637,FMO,858,190.81,596.49,9/12/2020,5/29/2018,405.68,Buy,Tambee
638,FJP,8917,709.31,844.56,9/4/2019,10/30/2016,135.25,Buy,Myworks
639,BRKR,1785,610.2,56.6,12/3/2001,4/30/2014,-553.6,Sell,Skiptube
640,ALLE,7755,652.72,176.84,4/24/2020,9/15/2015,-475.88,Sell,Brainlounge
641,RFEU,547,675.81,896.1,8/6/2011,7/29/2011,220.29,Sell,Skaboo
642,NVMI,3864,902.31,20.96,4/26/2013,11/2/2004,-881.35,Buy,Zazio
643,HLF,3715,542.42,488.26,4/30/2016,10/19/2011,-54.16,Sell,Devpulse
644,MIME,4757,930.17,970.74,12/6/2010,7/28/2003,40.57,Buy,Wordify
645,SMSI,2782,402.75,162.01,9/28/2006,8/18/2016,-240.74,Sell,Realblab
646,CEM,6487,644.67,318.55,9/5/2013,10/18/2005,-326.12,Sell,Demizz
647,GGP,6756,772.16,682.54,5/27/2014,10/20/2020,-89.62,Sell,Devbug
648,LND,8352,773.8,372.92,3/28/2017,7/13/2017,-400.88,Sell,Yakijo
649,NSM,2962,650.15,714.88,11/12/2008,4/26/2014,64.73,Buy,Aimbu
650,BOFI,8859,278.29,928.24,1/4/2003,12/15/2004,649.95,Sell,Topicware
651,OLED,3232,247.35,546.51,7/7/2006,10/9/2000,299.16,Sell,Edgepulse
652,FCEL,526,349.37,696.38,3/14/2008,9/22/2004,347.01,Sell,Edgeify
653,PBH,6441,377.9,666.65,5/24/2005,6/12/2018,288.75,Buy,Realbridge
654,WSBC,9068,984.72,99.73,2/11/2014,8/28/2016,-884.99,Buy,Oba
655,CHGG,3738,179.81,132.16,10/22/2018,2/22/2002,-47.65,Buy,Flashspan
656,FANG,9542,68.73,173.41,10/25/2002,5/29/2000,104.68,Sell,Plajo
657,CSML,4838,93.47,639.67,10/1/2007,7/18/2022,546.2,Sell,Abatz
658,MASI,530,996.5,572.0,11/21/2006,5/5/2018,-424.5,Sell,Thoughtworks
659,RRC,8803,292.26,793.15,8/16/2020,10/7/2002,500.89,Buy,Zoovu
660,RETA,4690,261.94,826.12,5/13/2012,7/1/2011,564.18,Sell,Edgeclub
661,LHO^I,5675,229.26,918.79,7/23/2000,9/28/2007,689.53,Buy,Youfeed
662,ETG,3923,673.88,291.99,5/4/2012,7/30/2013,-381.89,Sell,Edgepulse
663,GE,5117,47.41,734.09,11/20/2010,1/31/2016,686.68,Buy,Fivechat
664,SMMT,8279,67.08,422.08,5/15/2006,9/25/2011,355.0,Buy,Realbridge
665,MRUS,8199,974.17,505.94,7/4/2014,6/13/2012,-468.23,Buy,Feedfire
666,AOBC,5569,16.25,24.91,8/1/2000,12/22/2016,8.66,Buy,Trudeo
667,RQI,3350,149.79,304.48,1/30/2022,8/6/2014,154.69,Sell,Devshare
668,CHCI,101,821.37,793.72,2/1/2020,11/4/2021,-27.65,Sell,Yodel
669,IBKCP,9071,831.97,913.66,4/24/2020,5/6/2011,81.69,Sell,Tanoodle
670,DGICB,4395,13.6,700.26,1/28/2017,7/19/2009,686.66,Buy,Linkbridge
671,CENTA,3913,719.17,351.08,5/23/2010,1/30/2002,-368.09,Sell,Npath
672,CIE,7676,337.61,147.54,3/9/2011,8/8/2013,-190.07,Buy,Jabberstorm
673,FBIZ,1761,83.06,657.31,12/4/2018,4/14/2006,574.25,Buy,Youspan
674,ARCO,3480,590.84,349.38,11/6/2014,2/24/2016,-241.46,Buy,Brightbean
675,USAP,2657,850.33,184.23,9/16/2001,3/11/2014,-666.1,Buy,Oodoo
676,KYN^F,1450,614.43,40.92,3/22/2021,8/23/2009,-573.51,Sell,Devpoint
677,AKBA,3680,928.34,891.26,6/7/2012,8/21/2009,-37.08,Buy,Wikivu
678,FCB,5553,397.8,65.06,1/22/2001,9/2/2002,-332.74,Sell,Pixope
679,KOOL,2629,398.16,25.74,9/25/2011,6/9/2003,-372.42,Sell,Edgeblab
680,OUT,3326,509.63,734.79,1/31/2007,9/1/2007,225.16,Sell,Photobug
681,ADUS,3865,682.33,892.64,9/27/2014,12/31/2007,210.31,Sell,Quimm
682,CX,623,521.01,77.33,4/2/2001,7/24/2009,-443.68,Buy,Yotz
683,OMF,7072,619.55,891.41,3/17/2018,10/5/2001,271.86,Buy,Brightbean
684,NNN^F,8631,957.18,39.61,6/14/2012,7/13/2009,-917.57,Buy,Vinte
685,BSF,2456,635.95,673.96,9/20/2005,9/1/2011,38.01,Buy,Jabbersphere
686,GEC,6903,735.22,108.16,7/31/2015,6/17/2011,-627.06,Sell,Tagopia
687,PVTD,4437,777.05,139.9,8/5/2001,5/17/2016,-637.15,Buy,Layo
688,EDU,3456,101.57,49.76,2/4/2015,12/6/2015,-51.81,Sell,Edgewire
689,UNT,6068,329.44,913.28,3/17/2002,1/9/2001,583.84,Sell,Fanoodle
690,AMSF,8693,563.1,287.88,5/10/2010,5/10/2009,-275.22,Buy,Dynabox
691,PEBK,7019,808.65,156.95,10/11/2013,4/15/2021,-651.7,Buy,Voomm
692,CNET,3113,249.55,938.53,10/30/2012,11/27/2001,688.98,Buy,Yakidoo
693,VIV,2295,938.66,787.64,8/7/2000,8/17/2014,-151.02,Sell,Linkbridge
694,ELP,1197,816.82,485.13,8/26/2017,2/19/2009,-331.69,Buy,Zoomdog
695,MTFBW,5725,229.18,14.21,1/15/2003,7/17/2006,-214.97,Buy,Camido
696,FFIC,8078,139.26,642.39,3/27/2007,8/31/2022,503.13,Buy,Skibox
697,QLC,5107,136.66,125.57,8/26/2014,9/14/2017,-11.09,Buy,Vipe
698,IFGL,4484,312.24,141.07,12/16/2019,11/11/2005,-171.17,Sell,Skalith
699,APEI,3711,820.93,493.73,5/30/2008,8/24/2005,-327.2,Buy,Yodoo
700,SQZZ,2093,755.12,349.19,8/31/2007,10/15/2020,-405.93,Buy,Edgetag
701,CRWS,8809,376.01,835.45,12/9/2005,1/28/2008,459.44,Sell,Kimia
702,EVAR,9587,305.3,841.87,5/18/2009,7/6/2008,536.57,Buy,Yakitri
703,RF^B,6399,70.01,65.18,6/2/2003,1/24/2009,-4.83,Buy,Kazio
704,EVOL,2624,430.32,589.58,11/5/2017,3/3/2001,159.26,Sell,Quire
705,SNR,7977,506.23,730.87,6/25/2000,10/8/2016,224.64,Sell,Browseblab
706,JCAP,8388,183.96,164.55,5/1/2005,3/27/2016,-19.41,Buy,Topdrive
707,KKR,1116,518.68,226.22,12/2/2014,1/2/2009,-292.46,Sell,Photobug
708,EMCF,2532,442.71,538.91,9/9/2022,12/15/2012,96.2,Buy,Skyba
709,EXPE,6050,554.24,588.7,9/1/2016,7/8/2001,34.46,Buy,Skynoodle
710,NSM,3564,174.69,954.75,4/9/2019,12/23/2015,780.06,Sell,Oodoo
711,USAC,319,792.77,298.1,8/26/2017,8/21/2005,-494.67,Sell,Skyble
712,APC,7160,929.37,570.98,2/7/2007,2/10/2021,-358.39,Buy,Jaxnation
713,VCSH,9053,28.42,454.23,1/14/2003,2/17/2017,425.81,Sell,Flashpoint
714,ELGX,8268,471.32,656.27,10/7/2010,2/19/2006,184.95,Buy,Flashdog
715,CHK,8165,352.59,8.3,11/28/2005,9/26/2022,-344.29,Buy,Yakijo
716,CBM,6494,515.56,482.99,6/7/2004,2/9/2014,-32.57,Buy,Babbleblab
717,MS^F,6855,746.19,715.39,12/10/2002,12/5/2006,-30.8,Buy,Thoughtmix
718,LPI,3456,806.04,155.4,11/27/2021,1/21/2014,-650.64,Buy,Voonyx
719,SUI^A,5086,62.18,519.38,11/25/2021,8/14/2018,457.2,Sell,Devify
720,ARC,6988,578.32,679.28,5/16/2000,5/4/2017,100.96,Buy,Dabshots
721,MDT,9087,534.74,519.3,1/2/2009,10/24/2003,-15.44,Buy,Photobug
722,XLRN,5827,455.24,882.7,3/10/2020,7/29/2022,427.46,Sell,Izio
723,DNBF,6534,961.99,796.01,5/1/2014,12/5/2003,-165.98,Buy,Skajo
724,SALT,3782,567.68,843.29,5/2/2000,2/7/2022,275.61,Sell,Avaveo
725,CDL,359,585.7,183.39,1/20/2014,8/3/2021,-402.31,Buy,Youspan
726,BERY,3190,324.97,101.63,7/22/2022,12/2/2014,-223.34,Sell,Skynoodle
727,GWRE,3588,667.56,97.1,1/14/2003,10/1/2020,-570.46,Buy,Yabox
728,FBIZ,3710,50.75,419.74,3/17/2017,11/18/2007,368.99,Sell,Skyble
729,OBSV,7161,218.83,598.45,12/12/2014,4/3/2003,379.62,Buy,Zoombox
730,BRID,8159,229.96,161.64,10/1/2021,1/21/2012,-68.32,Buy,Eimbee
731,MBII,4187,353.21,594.85,10/29/2001,11/16/2014,241.64,Sell,Flipopia
732,BTZ,2146,885.32,330.86,8/8/2014,10/27/2010,-554.46,Buy,Yotz
733,NVFY,3232,207.85,817.63,2/15/2018,4/14/2006,609.78,Buy,Meemm
734,KTCC,4718,528.27,842.43,2/13/2004,8/24/2002,314.16,Buy,Devpoint
735,PGEM,1028,96.37,623.34,10/20/2009,10/29/2014,526.97,Sell,Quinu
736,AROC,5279,716.85,471.51,1/15/2013,8/5/2007,-245.34,Buy,Twitternation
737,BBH,8820,794.13,293.52,4/10/2007,2/20/2016,-500.61,Sell,Lazzy
738,BBSI,9381,40.89,601.26,9/24/2019,12/21/2008,560.37,Buy,Eamia
739,AHL,504,410.46,237.89,5/30/2010,8/13/2003,-172.57,Buy,Nlounge
740,WYIGW,8335,816.63,99.25,5/23/2017,11/19/2000,-717.38,Buy,Teklist
741,GCAP,2052,822.5,457.59,5/7/2004,5/28/2006,-364.91,Sell,Avamba
742,URGN,6484,219.55,360.07,8/11/2000,9/30/2021,140.52,Buy,Linkbridge
743,CBRL,1616,553.82,949.13,1/30/2019,3/28/2008,395.31,Sell,Edgepulse
744,COO,8134,240.7,881.45,7/13/2010,1/22/2014,640.75,Buy,Oyoloo
745,VR^A,5412,766.27,702.54,2/28/2014,9/20/2001,-63.73,Buy,Fivechat
746,ALIM,2526,184.78,228.93,6/24/2015,3/19/2005,44.15,Sell,Yamia
747,JMPC,8113,440.65,774.57,1/25/2016,3/5/2007,333.92,Sell,Camimbo
748,QVCA,2821,371.82,514.59,4/27/2020,10/9/2003,142.77,Buy,Eabox
749,MGNX,3076,79.84,858.29,9/5/2011,11/25/2015,778.45,Sell,Oba
750,SITO,1797,160.09,841.34,2/9/2004,4/23/2018,681.25,Buy,Meetz
751,STRS,1487,687.17,326.53,11/26/2010,4/17/2013,-360.64,Sell,Divape
752,JDD,2643,770.59,727.32,4/1/2017,2/5/2014,-43.27,Sell,Ntag
753,CLNS^F.CL,5710,564.31,596.98,5/21/2000,6/20/2018,32.67,Sell,Yombu
754,ESNT,5409,646.32,458.56,5/27/2008,7/20/2014,-187.76,Buy,Kamba
755,WDC,8977,248.28,963.55,1/27/2015,9/7/2013,715.27,Sell,Thoughtsphere
756,TPC,5029,849.53,612.63,10/2/2022,11/18/2012,-236.9,Buy,Dynabox
757,LMRK,8549,105.62,429.81,3/26/2007,12/13/2002,324.19,Sell,Skyble
758,VFC,4233,318.83,923.57,8/9/2004,11/23/2001,604.74,Sell,Jabbercube
759,HTY,8026,9.03,191.11,11/23/2020,3/15/2002,182.08,Buy,Edgepulse
760,BABA,5092,499.39,254.93,4/7/2011,11/18/2021,-244.46,Buy,Podcat
761,LCII,757,901.36,750.14,3/27/2019,6/23/2008,-151.22,Buy,Thoughtbeat
762,COF^F,1009,742.43,100.63,1/20/2004,5/18/2017,-641.8,Buy,Twimm
763,BXC,4379,0.02,948.94,4/19/2011,11/17/2022,948.92,Buy,Kamba
764,INAP,5646,804.64,653.78,4/13/2012,1/4/2007,-150.86,Buy,Lajo
765,WGP,1322,356.29,159.19,3/3/2021,5/2/2019,-197.1,Buy,Twitterlist
766,CX,2386,998.18,30.08,8/21/2018,4/10/2020,-968.1,Sell,Oyoba
767,AUBN,4254,451.99,380.97,1/26/2006,7/5/2022,-71.02,Buy,Flashspan
768,RARE,6602,625.07,262.31,11/4/2020,2/2/2009,-362.76,Sell,Izio
769,EHI,7277,494.69,484.09,8/17/2020,7/28/2010,-10.6,Buy,Browseblab
770,MDT,2577,668.26,255.81,6/29/2010,4/28/2001,-412.45,Buy,Realpoint
771,SYNT,2081,662.34,904.26,5/23/2014,7/4/2011,241.92,Buy,Edgetag
772,GEK,2577,375.78,831.75,7/22/2021,8/2/2004,455.97,Buy,Voomm
773,SNOW,5061,147.2,783.04,1/8/2004,8/3/2007,635.84,Sell,JumpXS
774,FCSC,9979,248.83,719.8,8/11/2013,11/6/2000,470.97,Sell,BlogXS
775,FRGI,9158,449.08,419.9,11/4/2003,10/15/2000,-29.18,Sell,Camimbo
776,TAP,8424,838.31,458.35,3/26/2004,9/19/2014,-379.96,Sell,Wordtune
777,SPI,5516,776.38,197.57,7/25/2009,4/30/2006,-578.81,Sell,Youtags
778,CRY,5471,237.42,450.25,4/17/2013,12/20/2013,212.83,Buy,Gabtype
779,LTBR,7843,5.75,19.06,3/30/2017,12/30/2021,13.31,Sell,Twinder
780,ESND,9582,410.34,85.72,4/18/2008,5/27/2007,-324.62,Buy,Gabcube
781,NBN,8890,111.43,299.22,7/3/2002,3/4/2011,187.79,Buy,Roodel
782,JASO,3060,296.5,546.61,10/11/2009,5/24/2001,250.11,Buy,Gigabox
783,TEAR,8602,544.68,185.48,1/10/2022,9/11/2017,-359.2,Sell,Bubbletube
784,TSE,3186,92.76,484.47,7/14/2014,9/26/2009,391.71,Buy,Realmix
785,SR,3525,898.59,154.3,9/30/2003,11/18/2004,-744.29,Buy,Lajo
786,CTG,7976,586.36,334.21,9/17/2005,3/27/2021,-252.15,Buy,Cogidoo
787,REXR^A,7474,368.8,950.09,6/7/2008,1/9/2005,581.29,Sell,Vidoo
788,HBANP,235,131.04,385.84,8/22/2001,5/27/2011,254.8,Sell,Realcube
789,SBPH,8961,383.83,511.14,2/12/2011,12/19/2011,127.31,Buy,Wikizz
790,IBP,8248,643.01,647.65,11/4/2018,6/22/2009,4.64,Buy,Trunyx
791,GRC,7479,13.46,365.53,3/20/2004,11/9/2011,352.07,Sell,Mybuzz
792,FCH^A,1817,867.24,852.09,12/30/2020,4/15/2022,-15.15,Sell,Oba
793,NCR,2143,295.1,352.96,6/6/2007,9/23/2015,57.86,Sell,Gabspot
794,NOM,4160,41.41,881.7,4/2/2003,3/5/2010,840.29,Buy,Flashpoint
795,CADC,3518,113.09,328.63,7/7/2009,11/15/2009,215.54,Buy,Geba
796,MSG,1964,646.26,309.85,3/3/2007,12/11/2005,-336.41,Sell,Trunyx
797,RCMT,1133,537.25,120.08,9/5/2019,5/29/2008,-417.17,Buy,Zoomlounge
798,NMR,3322,677.13,342.66,4/21/2004,11/18/2021,-334.47,Buy,Buzzdog
799,MUE,8052,766.56,185.46,4/21/2008,9/21/2005,-581.1,Buy,Vidoo
800,EIX,9195,330.22,2.48,5/11/2011,11/15/2016,-327.74,Buy,Realbuzz
801,WHR,4545,689.01,432.05,2/8/2015,8/23/2015,-256.96,Buy,Rhynoodle
802,BBY,4666,797.03,801.57,2/7/2017,5/20/2016,4.54,Buy,Mynte
803,SSNI,391,851.67,390.84,10/26/2006,1/24/2018,-460.83,Buy,Podcat
804,HSEA,5781,702.38,165.58,3/18/2011,1/6/2001,-536.8,Sell,Avavee
805,NOMD,800,543.16,703.45,12/25/2007,9/16/2022,160.29,Sell,JumpXS
806,NR,4827,636.05,205.58,3/9/2004,9/15/2004,-430.47,Buy,Thoughtstorm
807,CAB,1203,225.84,150.77,9/29/2004,2/10/2006,-75.07,Buy,Quire
808,GNTY,7049,124.46,50.17,6/7/2007,2/11/2010,-74.29,Buy,Feedspan
809,GGB,8900,935.44,556.75,3/17/2002,4/21/2020,-378.69,Sell,Bluezoom
810,SD,917,778.09,232.35,8/24/2018,10/27/2001,-545.74,Buy,Oyoloo
811,SFS,6386,759.4,356.03,11/2/2021,2/26/2018,-403.37,Buy,Blogpad
812,TTM,9093,995.65,190.28,2/6/2012,8/25/2018,-805.37,Sell,Pixonyx
813,VEON,7259,495.35,70.09,11/20/2015,9/14/2019,-425.26,Buy,Tanoodle
814,DS^D,6011,862.87,615.79,12/4/2001,1/28/2002,-247.08,Sell,Yata
815,FMCIU,9123,456.1,125.49,9/29/2022,3/5/2011,-330.61,Buy,Youspan
816,TEGP,7377,743.69,25.33,9/1/2019,11/19/2006,-718.36,Sell,Babbleopia
817,IXYS,8430,137.52,74.41,8/19/2020,9/6/2008,-63.11,Buy,Vinder
818,ARWR,8007,970.13,279.63,11/29/2014,6/17/2015,-690.5,Sell,Blognation
819,NANO,6078,66.93,849.61,7/22/2006,10/28/2016,782.68,Buy,Jaxnation
820,CVGI,239,394.06,342.77,10/27/2013,2/26/2022,-51.29,Sell,Blogspan
821,UBNT,979,614.01,276.21,1/25/2015,8/12/2011,-337.8,Sell,Oba
822,KTCC,8978,197.81,376.14,10/10/2016,4/8/2014,178.33,Sell,Bluezoom
823,NLS,9763,234.89,749.9,10/20/2013,3/22/2016,515.01,Sell,Jayo
824,XCO,1510,906.28,525.98,3/27/2017,3/4/2015,-380.3,Sell,Devpulse
825,PIM,4207,455.77,744.09,12/18/2018,8/5/2022,288.32,Sell,Realbridge
826,RCON,6522,545.82,756.67,9/30/2015,8/17/2010,210.85,Buy,Mydeo
827,RF^B,3792,391.1,853.83,2/21/2020,9/13/2001,462.73,Buy,Oozz
828,LLL,9550,326.75,603.79,8/13/2015,5/7/2009,277.04,Buy,Jaloo
829,CMTL,1572,374.5,878.17,11/11/2017,10/23/2010,503.67,Sell,Yakidoo
830,SYPR,2535,50.65,856.42,10/3/2003,6/12/2001,805.77,Buy,Muxo
831,ALIM,2227,199.34,852.09,12/4/2002,6/1/2011,652.75,Sell,Photobean
832,DKT,8997,502.21,370.76,2/26/2018,2/25/2015,-131.45,Sell,Layo
833,GRPN,7867,261.1,334.3,3/30/2020,3/16/2022,73.2,Sell,Jabberbean
834,JW.A,6017,725.5,475.93,3/28/2021,5/4/2018,-249.57,Sell,Linkbridge
835,MIC,5982,121.92,178.29,3/28/2009,9/22/2004,56.37,Buy,Jaxworks
836,GBCI,3809,878.46,998.9,6/10/2003,9/4/2000,120.44,Sell,Meevee
837,PFS,1462,462.65,125.24,4/9/2020,8/16/2020,-337.41,Sell,Tagopia
838,AGR,615,292.39,213.9,4/22/2001,4/2/2002,-78.49,Sell,Eayo
839,CARO,9226,429.14,579.57,5/7/2011,9/10/2012,150.43,Sell,Vinte
840,GFNCP,8075,232.6,803.47,1/14/2013,4/26/2009,570.87,Sell,Zoonder
841,AGND,9837,725.92,370.57,5/4/2019,11/25/2007,-355.35,Buy,Divanoodle
842,MNDO,2581,735.12,296.26,4/18/2020,1/17/2003,-438.86,Sell,Fivespan
843,RVSB,5139,86.31,113.43,11/10/2012,5/28/2010,27.12,Buy,Bubblemix
844,NEWR,9127,503.61,9.48,9/23/2012,4/7/2021,-494.13,Sell,Voolia
845,MIXT,3098,5.67,434.36,8/31/2020,10/26/2022,428.69,Buy,Thoughtstorm
846,CYRN,4717,28.55,543.86,6/15/2014,2/1/2006,515.31,Buy,Realcube
847,LRN,2974,980.2,771.31,9/11/2019,9/23/2010,-208.89,Buy,Jabbertype
848,CTXS,7103,812.31,471.92,7/18/2011,8/23/2006,-340.39,Buy,Layo
849,LKQ,7579,706.92,143.96,11/8/2009,11/1/2022,-562.96,Sell,Devcast
850,RBS^H,8782,570.48,810.2,11/29/2012,10/25/2016,239.72,Buy,Jaloo
851,MMYT,5731,394.22,277.16,4/12/2014,2/22/2017,-117.06,Sell,Skynoodle
852,SSW^H,8968,294.4,269.1,12/23/2011,3/19/2001,-25.3,Buy,Wikizz
853,GEF,5661,85.75,65.52,12/13/2016,11/28/2001,-20.23,Sell,Meemm
854,UNFI,8232,836.78,217.55,12/18/2019,7/29/2015,-619.23,Buy,Gabvine
855,TNH,57,79.53,879.04,3/23/2004,8/21/2020,799.51,Sell,Eire
856,VZ,8823,938.01,951.44,9/12/2012,10/14/2001,13.43,Buy,Meevee
857,NLY^E,2261,364.94,103.33,3/2/2008,1/16/2014,-261.61,Sell,Zoomcast
858,SYNL,1634,769.53,569.65,9/20/2017,12/4/2022,-199.88,Buy,Voonte
859,ITT,4216,664.26,272.84,7/25/2013,8/17/2000,-391.42,Sell,JumpXS
860,IDSA,3568,633.73,409.01,4/12/2007,9/5/2003,-224.72,Sell,Wikibox
861,PGNX,8024,390.76,159.01,12/8/2016,6/17/2014,-231.75,Buy,Gigabox
862,EXPE,9479,378.82,131.52,1/18/2019,5/6/2014,-247.3,Buy,Devshare
863,CNX,8017,324.92,921.35,4/13/2004,7/22/2006,596.43,Buy,Roombo
864,PRTY,4499,598.64,830.32,1/4/2007,2/6/2012,231.68,Sell,Meedoo
865,CSWC,8469,787.56,410.02,3/27/2020,6/1/2021,-377.54,Buy,Youfeed
866,AQMS,3739,26.03,537.48,6/24/2006,5/26/2013,511.45,Sell,Browsecat
867,ADOM,1975,721.11,628.68,11/5/2005,5/29/2017,-92.43,Buy,Flashset
868,KOP,6957,692.68,658.98,3/25/2018,4/9/2015,-33.7,Buy,Youspan
869,CGO,497,261.27,337.23,1/11/2010,12/25/2017,75.96,Sell,Jamia
870,KWN,6427,800.11,146.46,5/18/2018,2/25/2018,-653.65,Sell,Photobug
871,POST,2808,14.56,43.92,3/7/2001,5/10/2001,29.36,Sell,Buzzdog
872,HMN,1481,304.05,332.07,8/3/2021,1/19/2010,28.02,Sell,Bubblemix
873,KRMA,9125,296.77,33.97,4/30/2014,10/15/2004,-262.8,Sell,Thoughtmix
874,AHT^F,2079,3.41,36.0,3/21/2006,10/18/2011,32.59,Sell,Photobug
875,PEGI,9717,544.84,194.26,8/16/2017,7/12/2003,-350.58,Buy,Skimia
876,WIRE,9048,61.51,880.29,7/17/2015,9/12/2018,818.78,Buy,Gigashots
877,MTSI,5854,793.52,507.14,2/2/2009,3/18/2011,-286.38,Sell,Reallinks
878,INXN,2003,723.97,527.81,7/12/2017,1/9/2001,-196.16,Buy,Zoomcast
879,GBL,1612,163.01,576.77,5/29/2000,6/4/2018,413.76,Sell,Topicblab
880,ECOL,358,276.49,614.85,7/8/2008,8/13/2003,338.36,Sell,Meeveo
881,ENDP,8688,586.05,797.39,1/10/2006,6/9/2012,211.34,Sell,Twitterworks
882,FHY,3041,957.65,147.72,3/30/2009,4/28/2011,-809.93,Sell,Edgeblab
883,TDG,982,818.45,832.73,11/2/2007,5/18/2010,14.28,Buy,Flashspan
884,MNKD,4929,369.05,646.82,5/10/2022,11/6/2012,277.77,Sell,Roombo
885,AVHI,6540,772.78,780.0,12/10/2022,10/8/2008,7.22,Sell,Jamia
886,FONE,6989,24.08,687.46,2/10/2012,2/9/2001,663.38,Sell,Twiyo
887,GSBD,6405,189.27,643.22,12/24/2015,7/14/2017,453.95,Buy,Nlounge
888,SCHL,7366,663.48,232.93,10/17/2017,11/7/2022,-430.55,Buy,Voonte
889,PRTK,6555,727.16,816.47,5/8/2022,1/17/2012,89.31,Sell,Realmix
890,USOI,9202,288.44,604.52,2/23/2011,9/6/2000,316.08,Buy,Gigazoom
891,IP,1122,870.14,897.81,2/18/2007,4/27/2017,27.67,Buy,Aimbu
892,KNDI,5715,223.9,544.98,3/28/2014,11/29/2006,321.08,Buy,Yakitri
893,PCBK,432,548.56,451.16,7/11/2005,1/7/2018,-97.4,Buy,Yodoo
894,CAR,5163,978.34,249.89,9/4/2008,4/27/2013,-728.45,Sell,Tanoodle
895,DFS^B,5834,747.27,30.75,4/10/2005,12/1/2022,-716.52,Sell,Centimia
896,NSC,2240,200.11,906.59,1/26/2010,4/5/2007,706.48,Sell,Kimia
897,QGEN,4792,334.49,827.65,10/13/2010,8/14/2014,493.16,Buy,Fadeo
898,GUT^C,2346,535.31,144.15,12/7/2016,3/14/2001,-391.16,Sell,Camido
899,RDIB,4654,534.65,597.77,11/11/2022,8/30/2003,63.12,Buy,Nlounge
900,FAM,2406,738.49,714.66,8/30/2004,6/23/2001,-23.83,Sell,Yambee
901,FTV,1969,688.69,804.88,1/15/2020,4/2/2008,116.19,Buy,Kanoodle
902,BELFA,5541,199.09,314.71,7/30/2011,6/9/2019,115.62,Buy,Voonix
903,BOTJ,6984,512.74,82.07,3/25/2021,4/20/2009,-430.67,Buy,Yakitri
904,CENX,3188,644.53,209.9,3/29/2016,5/6/2001,-434.63,Sell,Jetwire
905,HYXE,4060,333.31,361.88,10/31/2000,5/18/2021,28.57,Sell,Wikibox
906,GS^D,7337,368.77,788.47,1/8/2020,2/23/2003,419.7,Buy,Plajo
907,UPL,9908,103.11,293.25,12/8/2007,3/4/2011,190.14,Sell,Wikizz
908,STLRU,2871,927.07,526.71,5/28/2005,7/17/2002,-400.36,Sell,Lajo
909,NAV,4064,292.35,482.45,5/28/2011,1/24/2003,190.1,Buy,Pixonyx
910,SOFO,170,937.04,285.76,2/13/2005,4/10/2019,-651.28,Buy,Shufflester
911,NCSM,5353,638.2,506.94,3/26/2008,12/20/2008,-131.26,Buy,Voonder
912,SLM,4812,565.71,0.6,3/31/2014,5/24/2012,-565.11,Sell,Dazzlesphere
913,TRMB,540,608.09,673.94,12/24/2008,10/24/2017,65.85,Sell,Youspan
914,VRNT,7865,60.06,968.03,10/24/2001,12/26/2017,907.97,Buy,Avaveo
915,VIA,1880,785.26,798.1,12/10/2022,3/13/2020,12.84,Buy,Avamm
916,IPCI,9601,351.52,57.25,11/28/2003,3/28/2003,-294.27,Buy,Vinder
917,ASBB,1444,478.46,528.36,2/6/2014,7/14/2003,49.9,Sell,Oyoba
918,NLS,9852,985.16,752.59,8/13/2017,7/21/2017,-232.57,Buy,Flipstorm
919,VOXX,2863,908.89,623.0,6/28/2017,12/18/2012,-285.89,Buy,Shufflebeat
920,JBLU,1584,662.71,471.68,12/5/2006,6/28/2003,-191.03,Buy,Devshare
921,NKG,1219,771.64,415.21,3/26/2012,12/2/2010,-356.43,Sell,Katz
922,TTOO,3919,768.1,713.59,4/16/2021,10/26/2014,-54.51,Buy,Jabbertype
923,AMED,6536,386.66,977.5,5/15/2013,5/29/2021,590.84,Buy,Demizz
924,LMNX,2231,660.44,411.08,6/2/2001,11/24/2006,-249.36,Buy,Leenti
925,OCRX,3286,514.82,26.86,10/6/2009,5/22/2015,-487.96,Buy,Meevee
926,HURN,5670,953.7,556.26,12/29/2020,10/4/2017,-397.44,Sell,Tagfeed
927,FSD,6506,336.98,846.19,8/7/2001,11/2/2001,509.21,Sell,Mynte
928,FFIC,5973,604.18,33.79,3/6/2003,12/26/2021,-570.39,Sell,Topicblab
929,ELECW,7046,252.59,305.8,2/17/2001,5/1/2005,53.21,Buy,Myworks
930,SPXC,6262,647.67,133.25,3/30/2021,10/7/2008,-514.42,Buy,Youfeed
931,HES^A,2528,925.42,379.62,5/22/2009,5/20/2009,-545.8,Buy,Meeveo
932,ANH^C,5141,761.79,807.77,10/5/2003,9/22/2017,45.98,Sell,Oloo
933,HR,3434,704.25,58.95,11/29/2003,11/24/2014,-645.3,Sell,Skinder
934,FMY,3848,10.54,968.31,11/6/2002,2/16/2019,957.77,Sell,Jabberbean
935,COF^F,3856,151.48,197.64,3/18/2007,7/5/2000,46.16,Sell,Skiba
936,PETS,327,863.83,395.82,3/1/2014,10/23/2011,-468.01,Sell,Shufflester
937,RELY,1858,354.29,518.27,9/30/2007,11/23/2007,163.98,Sell,Oozz
938,QBAK,6891,42.13,725.85,12/28/2000,7/16/2020,683.72,Buy,Skibox
939,PIZ,9425,532.42,280.48,7/22/2022,9/11/2010,-251.94,Sell,Roombo
940,COF^G,2525,344.2,917.19,1/19/2003,12/26/2008,572.99,Buy,Camido
941,ALX,6842,282.65,731.7,3/21/2009,6/5/2017,449.05,Buy,Zoomdog
942,IMI,1456,226.56,433.93,12/18/2014,5/15/2000,207.37,Buy,Innotype
943,KRC^H,2697,339.0,651.99,11/16/2004,7/3/2013,312.99,Sell,Bluejam
944,JELD,7346,778.03,982.93,9/12/2012,4/7/2022,204.9,Buy,Meetz
945,BVXV,1708,336.21,311.05,2/14/2006,8/24/2017,-25.16,Sell,Trilia
946,ALV,2263,29.01,345.7,7/14/2020,5/13/2022,316.69,Sell,Yacero
947,MYC,9118,718.88,90.61,2/26/2021,9/1/2022,-628.27,Sell,Tagtune
948,SRET,2242,512.52,157.18,3/31/2018,11/17/2013,-355.34,Sell,Jabbersphere
949,LPTH,7114,639.36,389.17,3/9/2002,6/28/2019,-250.19,Sell,Topdrive
950,SVBI,5078,807.89,76.44,6/24/2000,12/8/2009,-731.45,Sell,Babbleset
951,AXARW,8545,511.18,525.86,8/28/2017,10/20/2013,14.68,Sell,Mynte
952,QNST,5695,405.32,659.15,10/21/2000,9/25/2012,253.83,Sell,Janyx
953,EAI,4150,553.77,149.62,1/12/2007,10/8/2010,-404.15,Sell,Yadel
954,HLIT,4575,359.45,948.99,5/12/2005,1/3/2014,589.54,Sell,Skyba
955,APH,8736,618.65,154.49,1/22/2007,12/22/2017,-464.16,Buy,Voonte
956,PBIP,2626,661.37,458.65,7/16/2022,6/23/2006,-202.72,Sell,Oyope
957,JOE,8993,467.83,920.28,3/21/2020,10/6/2001,452.45,Sell,Abata
958,HBCP,7317,810.88,615.52,7/16/2008,11/11/2013,-195.36,Buy,Meevee
959,CMO^E,5146,466.52,726.32,8/8/2006,1/20/2014,259.8,Sell,Abatz
960,MH^A,5732,998.44,193.49,3/18/2013,8/13/2006,-804.95,Sell,Gigabox
961,VNO^L,2151,348.99,946.01,1/25/2013,11/16/2012,597.02,Sell,Quaxo
962,BFO,7136,362.64,68.13,10/4/2020,7/7/2005,-294.51,Sell,Kwinu
963,STAG,4208,424.57,314.99,4/13/2012,11/26/2017,-109.58,Buy,JumpXS
964,IFF,5785,192.82,373.38,3/10/2021,9/16/2020,180.56,Buy,Feedmix
965,DNBF,1950,220.1,779.96,1/11/2013,3/14/2015,559.86,Sell,Linklinks
966,CBOE,6412,487.46,826.2,4/26/2012,9/23/2012,338.74,Buy,Babbleblab
967,CVA,7349,56.19,168.53,8/16/2006,8/17/2006,112.34,Buy,Eayo
968,CENT,3797,998.97,83.77,5/16/2021,12/28/2014,-915.2,Buy,Nlounge
969,DLB,6606,693.78,898.94,11/18/2013,12/18/2008,205.16,Buy,Blogtags
970,RENN,5056,736.21,579.87,8/11/2017,3/8/2013,-156.34,Sell,Topiclounge
971,PEGA,6029,37.3,527.16,11/9/2021,9/29/2003,489.86,Buy,Kwilith
972,NYCB^U,4000,713.55,430.97,5/5/2015,11/29/2002,-282.58,Sell,Realblab
973,RBS,9103,608.73,686.82,4/18/2005,7/22/2016,78.09,Buy,Avamba
974,KURA,8735,590.25,250.73,6/2/2005,12/2/2002,-339.52,Buy,Roomm
975,JE^A,9138,479.09,77.92,4/29/2001,4/2/2021,-401.17,Sell,Wikido
976,MDVXW,3660,895.91,322.08,8/29/2017,3/19/2006,-573.83,Buy,LiveZ
977,CPA,5103,692.05,574.65,4/17/2005,8/21/2015,-117.4,Sell,Oyoloo
978,MFSF,9007,3.59,381.38,2/13/2011,2/6/2001,377.79,Buy,Camido
979,NYCB^U,9813,77.11,794.44,3/17/2008,10/11/2013,717.33,Sell,Skiba
980,ACSF,8397,61.93,801.54,12/29/2020,1/26/2022,739.61,Buy,Oyoba
981,EHIC,6174,563.66,38.25,1/23/2007,10/3/2015,-525.41,Sell,Flipopia
982,ASX,4968,84.93,847.49,6/24/2022,9/1/2012,762.56,Buy,Voomm
983,TNDM,5820,697.82,45.67,8/2/2022,12/26/2002,-652.15,Buy,Voomm
984,OASM,303,373.23,990.59,5/30/2012,3/25/2013,617.36,Sell,Linktype
985,IGR,9970,798.54,197.94,6/8/2000,6/7/2014,-600.6,Sell,Meemm
986,WSO,6316,738.59,823.01,1/22/2015,3/6/2007,84.42,Buy,Camimbo
987,STBA,3792,257.72,574.07,4/17/2022,7/20/2022,316.35,Sell,Browsetype
988,TNP^D,751,934.08,438.18,12/8/2006,12/7/2020,-495.9,Buy,BlogXS
989,NXTDW,5347,463.4,80.88,12/1/2000,6/3/2002,-382.52,Buy,Browsedrive
990,RGNX,7444,246.38,964.65,3/16/2003,3/8/2022,718.27,Sell,Realcube
991,IFGL,1373,43.83,693.65,9/18/2022,10/8/2017,649.82,Sell,Shuffletag
992,GPRO,8934,35.32,809.22,3/14/2006,10/7/2005,773.9,Sell,Bluezoom
993,PRTK,1018,94.85,879.8,3/13/2022,6/30/2000,784.95,Buy,Livepath
994,PME,8978,968.01,487.9,9/29/2011,4/21/2014,-480.11,Buy,Dazzlesphere
995,HIHO,4602,404.09,267.77,5/26/2003,10/23/2006,-136.32,Sell,Pixonyx
996,WCG,9287,23.35,720.47,4/12/2015,5/11/2001,697.12,Sell,Photobug
997,OLN,17,607.66,945.53,7/6/2011,11/24/2019,337.87,Sell,Browsecat
998,MPAC,3686,342.06,53.32,11/10/2017,11/12/2017,-288.74,Sell,Flashpoint
999,CNIT,9029,827.45,817.07,1/7/2019,6/5/2006,-10.38,Sell,Jazzy
1000,K,7350,519.86,550.06,9/6/2009,2/13/2009,30.2,Buy,Dablist
